id,session,run,trial_in_run,ctrl,cond,fb,rating,conf,trial,target,fb_2_target,rating_clean,rating_2_target,rating_2_fb
2,1,1,1,0,1,4,6,0,1,6,-2,6,0,2
2,1,1,2,0,1,7,5,2,2,6,1,5,-1,-2
2,1,1,3,0,2,9,9,0,3,9,0,9,0,0
2,1,1,4,0,1,11,6,2,4,6,5,6,0,-5
2,1,1,5,0,2,7,8,2,5,9,-2,8,-1,1
2,1,1,6,0,1,0,7,1,6,6,-6,7,1,7
2,1,1,7,0,1,6,6,1,7,6,0,6,0,0
2,1,1,8,1,2,5,11,3,8,9,-4,NA,NA,NA
2,1,1,9,0,2,8,8,2,9,9,-1,8,-1,0
2,1,1,10,0,2,10,9,3,10,9,1,9,0,-1
2,1,2,1,0,1,5,7,3,11,6,-1,7,1,2
2,1,2,2,0,2,8,8,4,12,9,-1,8,-1,0
2,1,2,3,0,1,8,6,3,13,6,2,6,0,-2
2,1,2,4,0,2,8,8,4,14,9,-1,8,-1,0
2,1,2,5,0,1,11,6,2,15,6,5,6,0,-5
2,1,2,6,0,2,6,9,2,16,9,-3,9,0,3
2,1,2,7,0,2,11,9,1,17,9,2,9,0,-2
2,1,2,8,0,1,11,6,1,18,6,5,6,0,-5
2,1,2,9,0,2,7,10,0,19,9,-2,10,1,3
2,1,2,10,1,1,8,1,6,20,6,2,NA,NA,NA
2,1,3,1,0,1,9,6,1,21,6,3,6,0,-3
2,1,3,2,0,1,5,7,2,22,6,-1,7,1,2
2,1,3,3,0,2,11,8,2,23,9,2,8,-1,-3
2,1,3,4,0,2,9,9,3,24,9,0,9,0,0
2,1,3,5,0,2,8,8,5,25,9,-1,8,-1,0
2,1,3,6,0,1,6,6,3,26,6,0,6,0,0
2,1,3,7,1,2,8,8,4,27,9,-1,NA,NA,NA
2,1,3,8,0,1,8,7,5,28,6,2,7,1,-1
2,1,3,9,0,2,12,9,6,29,9,3,9,0,-3
2,1,3,10,0,1,10,-1,5,30,6,4,-1,-7,-11
2,1,4,1,0,2,8,10,4,31,9,-1,10,1,2
2,1,4,2,1,1,10,11,2,32,6,4,NA,NA,NA
2,1,4,3,0,2,10,8,4,33,9,1,8,-1,-2
2,1,4,4,0,1,12,8,4,34,6,6,8,2,-4
2,1,4,5,0,2,9,9,3,35,9,0,9,0,0
2,1,4,6,0,1,5,8,2,36,6,-1,8,2,3
2,1,4,7,0,2,9,9,5,37,9,0,9,0,0
2,1,4,8,0,1,6,6,3,38,6,0,6,0,0
2,1,4,9,0,1,4,7,4,39,6,-2,7,1,3
2,1,4,10,0,2,8,9,6,40,9,-1,9,0,1
2,1,5,1,0,1,6,7,3,41,6,0,7,1,1
2,1,5,2,0,1,8,6,4,42,6,2,6,0,-2
2,1,5,3,1,2,7,8,7,43,9,-2,NA,NA,NA
2,1,5,4,0,2,6,9,4,44,9,-3,9,0,3
2,1,5,5,0,2,9,8,2,45,9,0,8,-1,-1
2,1,5,6,0,1,9,6,3,46,6,3,6,0,-3
2,1,5,7,0,1,8,-1,3,47,6,2,-1,-7,-9
2,1,5,8,0,1,5,6,2,48,6,-1,6,0,1
2,1,5,9,0,2,7,9,4,49,9,-2,9,0,2
2,1,5,10,0,2,9,8,3,50,9,0,8,-1,-1
2,1,6,1,0,2,6,8,5,51,9,-3,8,-1,2
2,1,6,2,0,2,10,10,4,52,9,1,10,1,0
2,1,6,3,0,1,8,8,4,53,6,2,8,2,0
2,1,6,4,0,1,7,6,3,54,6,1,6,0,-1
2,1,6,5,1,1,5,10,2,55,6,-1,NA,NA,NA
2,1,6,6,0,1,5,5,4,56,6,-1,5,-1,0
2,1,6,7,0,2,6,10,7,57,9,-3,10,1,4
2,1,6,8,0,2,5,9,3,58,9,-4,9,0,4
2,1,6,9,0,2,10,10,3,59,9,1,10,1,0
2,1,6,10,0,1,9,5,3,60,6,3,5,-1,-4
2,2,7,1,0,1,5,6,0,61,6,-1,6,0,1
2,2,7,2,0,1,12,7,2,62,6,6,7,1,-5
2,2,7,3,0,2,12,9,0,63,9,3,9,0,-3
2,2,7,4,0,1,9,5,1,64,6,3,5,-1,-4
2,2,7,5,0,2,12,11,5,65,9,3,11,2,-1
2,2,7,6,0,1,5,9,4,66,6,-1,9,3,4
2,2,7,7,0,1,10,7,4,67,6,4,7,1,-3
2,2,7,8,1,2,10,6,3,68,9,1,NA,NA,NA
2,2,7,9,0,2,12,9,2,69,9,3,9,0,-3
2,2,7,10,0,2,6,10,2,70,9,-3,10,1,4
2,2,8,1,0,1,5,6,2,71,6,-1,6,0,1
2,2,8,2,0,2,12,10,3,72,9,3,10,1,-2
2,2,8,3,0,1,8,7,5,73,6,2,7,1,-1
2,2,8,4,0,2,12,9,2,74,9,3,9,0,-3
2,2,8,5,0,1,5,5,3,75,6,-1,5,-1,0
2,2,8,6,0,2,6,12,6,76,9,-3,12,3,6
2,2,8,7,0,2,9,11,6,77,9,0,11,2,2
2,2,8,8,0,1,9,6,3,78,6,3,6,0,-3
2,2,8,9,0,2,12,9,2,79,9,3,9,0,-3
2,2,8,10,1,1,7,9,9,80,6,1,NA,NA,NA
2,2,9,1,0,1,7,6,4,81,6,1,6,0,-1
2,2,9,2,0,1,6,6,4,82,6,0,6,0,0
2,2,9,3,0,2,9,9,2,83,9,0,9,0,0
2,2,9,4,0,2,10,10,3,84,9,1,10,1,0
2,2,9,5,0,2,12,9,5,85,9,3,9,0,-3
2,2,9,6,0,1,10,7,4,86,6,4,7,1,-3
2,2,9,7,1,2,12,11,8,87,9,3,NA,NA,NA
2,2,9,8,0,1,7,7,4,88,6,1,7,1,0
2,2,9,9,0,2,10,9,4,89,9,1,9,0,-1
2,2,9,10,0,1,5,6,4,90,6,-1,6,0,1
2,2,10,1,0,2,6,7,1,91,9,-3,7,-2,1
2,2,10,2,1,1,6,7,3,92,6,0,NA,NA,NA
2,2,10,3,0,2,9,9,2,93,9,0,9,0,0
2,2,10,4,0,1,9,6,6,94,6,3,6,0,-3
2,2,10,5,0,2,8,9,3,95,9,-1,9,0,1
2,2,10,6,0,1,9,7,5,96,6,3,7,1,-2
2,2,10,7,0,2,6,9,4,97,9,-3,9,0,3
2,2,10,8,0,1,10,8,2,98,6,4,8,2,-2
2,2,10,9,0,1,2,5,2,99,6,-4,5,-1,3
2,2,10,10,0,2,12,9,1,100,9,3,9,0,-3
2,2,11,1,0,1,9,7,4,101,6,3,7,1,-2
2,2,11,2,0,1,9,7,4,102,6,3,7,1,-2
2,2,11,3,1,2,8,7,9,103,9,-1,NA,NA,NA
2,2,11,4,0,2,9,10,3,104,9,0,10,1,1
2,2,11,5,0,2,9,10,4,105,9,0,10,1,1
2,2,11,6,0,1,8,7,3,106,6,2,7,1,-1
2,2,11,7,0,1,3,6,4,107,6,-3,6,0,3
2,2,11,8,0,1,3,6,3,108,6,-3,6,0,3
2,2,11,9,0,2,8,9,5,109,9,-1,9,0,1
2,2,11,10,0,2,12,11,5,110,9,3,11,2,-1
2,2,12,1,0,2,8,7,2,111,9,-1,7,-2,-1
2,2,12,2,0,2,10,9,4,112,9,1,9,0,-1
2,2,12,3,0,1,7,7,4,113,6,1,7,1,0
2,2,12,4,0,1,10,6,3,114,6,4,6,0,-4
2,2,12,5,1,1,5,1,7,115,6,-1,NA,NA,NA
2,2,12,6,0,1,9,8,5,116,6,3,8,2,-1
2,2,12,7,0,2,7,9,3,117,9,-2,9,0,2
2,2,12,8,0,2,7,9,3,118,9,-2,9,0,2
2,2,12,9,0,2,12,10,3,119,9,3,10,1,-2
2,2,12,10,0,1,9,7,4,120,6,3,7,1,-2
2,3,13,1,0,1,8,4,2,121,6,2,4,-2,-4
2,3,13,2,0,1,6,6,2,122,6,0,6,0,0
2,3,13,3,0,2,7,10,1,123,9,-2,10,1,3
2,3,13,4,0,1,6,7,3,124,6,0,7,1,1
2,3,13,5,0,2,8,9,2,125,9,-1,9,0,1
2,3,13,6,0,1,7,6,5,126,6,1,6,0,-1
2,3,13,7,0,1,7,6,6,127,6,1,6,0,-1
2,3,13,8,1,2,7,4,8,128,9,-2,NA,NA,NA
2,3,13,9,0,2,11,8,4,129,9,2,8,-1,-3
2,3,13,10,0,2,7,8,3,130,9,-2,8,-1,1
2,3,14,1,0,1,5,4,3,131,6,-1,4,-2,-1
2,3,14,2,0,2,11,9,4,132,9,2,9,0,-2
2,3,14,3,0,1,6,6,5,133,6,0,6,0,0
2,3,14,4,0,2,9,9,3,134,9,0,9,0,0
2,3,14,5,0,1,3,6,4,135,6,-3,6,0,3
2,3,14,6,0,2,7,8,3,136,9,-2,8,-1,1
2,3,14,7,0,2,4,9,4,137,9,-5,9,0,5
2,3,14,8,0,1,7,6,4,138,6,1,6,0,-1
2,3,14,9,0,2,7,8,2,139,9,-2,8,-1,1
2,3,14,10,1,1,7,8,7,140,6,1,NA,NA,NA
2,3,15,1,0,1,1,6,4,141,6,-5,6,0,5
2,3,15,2,0,1,7,7,3,142,6,1,7,1,0
2,3,15,3,0,2,8,8,4,143,9,-1,8,-1,0
2,3,15,4,0,2,12,9,4,144,9,3,9,0,-3
2,3,15,5,0,2,6,10,3,145,9,-3,10,1,4
2,3,15,6,0,1,7,5,2,146,6,1,5,-1,-2
2,3,15,7,1,2,7,2,7,147,9,-2,NA,NA,NA
2,3,15,8,0,1,6,7,4,148,6,0,7,1,1
2,3,15,9,0,2,6,10,4,149,9,-3,10,1,4
2,3,15,10,0,1,9,6,5,150,6,3,6,0,-3
2,3,16,1,0,2,4,9,4,151,9,-5,9,0,5
2,3,16,2,1,1,7,10,8,152,6,1,NA,NA,NA
2,3,16,3,0,2,6,10,5,153,9,-3,10,1,4
2,3,16,4,0,1,7,7,4,154,6,1,7,1,0
2,3,16,5,0,2,4,9,3,155,9,-5,9,0,5
2,3,16,6,0,1,5,6,4,156,6,-1,6,0,1
2,3,16,7,0,2,7,8,0,157,9,-2,8,-1,1
2,3,16,8,0,1,5,7,5,158,6,-1,7,1,2
2,3,16,9,0,1,1,6,6,159,6,-5,6,0,5
2,3,16,10,0,2,10,7,2,160,9,1,7,-2,-3
2,3,17,1,0,2,9,8,3,161,9,0,8,-1,-1
2,3,17,2,1,1,10,9,9,162,6,4,NA,NA,NA
2,3,17,3,0,2,2,9,3,163,9,-7,9,0,7
2,3,17,4,0,1,4,6,2,164,6,-2,6,0,2
2,3,17,5,0,2,5,8,2,165,9,-4,8,-1,3
2,3,17,6,0,1,9,5,2,166,6,3,5,-1,-4
2,3,17,7,0,2,6,9,2,167,9,-3,9,0,3
2,3,17,8,0,1,10,7,3,168,6,4,7,1,-3
2,3,17,9,0,1,6,5,3,169,6,0,5,-1,-1
2,3,17,10,0,2,6,9,2,170,9,-3,9,0,3
2,3,18,1,0,2,4,9,2,171,9,-5,9,0,5
2,3,18,2,0,2,6,6,0,172,9,-3,6,-3,0
2,3,18,3,0,1,7,6,2,173,6,1,6,0,-1
2,3,18,4,0,1,7,5,3,174,6,1,5,-1,-2
2,3,18,5,1,1,11,3,7,175,6,5,NA,NA,NA
2,3,18,6,0,1,5,6,2,176,6,-1,6,0,1
2,3,18,7,0,2,11,10,3,177,9,2,10,1,-1
2,3,18,8,0,2,9,9,3,178,9,0,9,0,0
2,3,18,9,0,2,11,9,4,179,9,2,9,0,-2
2,3,18,10,0,1,10,5,6,180,6,4,5,-1,-5
4,1,1,1,0,1,7,6,6,1,6,1,6,0,-1
4,1,1,2,0,1,8,11,10,2,6,2,11,5,3
4,1,1,3,0,2,11,9,8,3,9,2,9,0,-2
4,1,1,4,0,1,7,6,6,4,6,1,6,0,-1
4,1,1,5,0,2,11,10,7,5,9,2,10,1,-1
4,1,1,6,0,1,12,8,7,6,6,6,8,2,-4
4,1,1,7,0,1,7,9,8,7,6,1,9,3,2
4,1,1,8,1,2,1,8,2,8,9,-8,NA,NA,NA
4,1,1,9,0,2,11,12,10,9,9,2,12,3,1
4,1,1,10,0,2,12,9,6,10,9,3,9,0,-3
4,1,2,1,0,1,12,6,3,11,6,6,6,0,-6
4,1,2,2,0,2,11,10,8,12,9,2,10,1,-1
4,1,2,3,0,1,12,7,7,13,6,6,7,1,-5
4,1,2,4,0,2,7,7,5,14,9,-2,7,-2,0
4,1,2,5,0,1,12,7,7,15,6,6,7,1,-5
4,1,2,6,0,2,11,5,8,16,9,2,5,-4,-6
4,1,2,7,0,2,10,7,2,17,9,1,7,-2,-3
4,1,2,8,0,1,11,5,4,18,6,5,5,-1,-6
4,1,2,9,0,2,12,9,8,19,9,3,9,0,-3
4,1,2,10,1,1,11,3,1,20,6,5,NA,NA,NA
4,1,3,1,0,1,11,3,5,21,6,5,3,-3,-8
4,1,3,2,0,1,7,0,3,22,6,1,0,-6,-7
4,1,3,3,0,2,12,11,9,23,9,3,11,2,-1
4,1,3,4,0,2,12,8,5,24,9,3,8,-1,-4
4,1,3,5,0,2,12,10,7,25,9,3,10,1,-2
4,1,3,6,0,1,12,7,5,26,6,6,7,1,-5
4,1,3,7,1,2,6,-1,8,27,9,-3,NA,NA,NA
4,1,3,8,0,1,8,6,10,28,6,2,6,0,-2
4,1,3,9,0,2,10,12,8,29,9,1,12,3,2
4,1,3,10,0,1,7,8,7,30,6,1,8,2,1
4,1,4,1,0,2,7,11,8,31,9,-2,11,2,4
4,1,4,2,1,1,12,1,1,32,6,6,NA,NA,NA
4,1,4,3,0,2,10,10,7,33,9,1,10,1,0
4,1,4,4,0,1,8,6,10,34,6,2,6,0,-2
4,1,4,5,0,2,6,8,8,35,9,-3,8,-1,2
4,1,4,6,0,1,6,7,7,36,6,0,7,1,1
4,1,4,7,0,2,8,10,0,37,9,-1,10,1,2
4,1,4,8,0,1,4,6,10,38,6,-2,6,0,2
4,1,4,9,0,1,12,7,7,39,6,6,7,1,-5
4,1,4,10,0,2,12,10,3,40,9,3,10,1,-2
4,1,5,1,0,1,10,12,8,41,6,4,12,6,2
4,1,5,2,0,1,11,5,0,42,6,5,5,-1,-6
4,1,5,3,1,2,11,3,3,43,9,2,NA,NA,NA
4,1,5,4,0,2,6,-1,6,44,9,-3,-1,-10,-7
4,1,5,5,0,2,10,11,9,45,9,1,11,2,1
4,1,5,6,0,1,11,5,7,46,6,5,5,-1,-6
4,1,5,7,0,1,0,7,2,47,6,-6,7,1,7
4,1,5,8,0,1,7,2,10,48,6,1,2,-4,-5
4,1,5,9,0,2,9,-1,8,49,9,0,-1,-10,-10
4,1,5,10,0,2,9,9,10,50,9,0,9,0,0
4,1,6,1,0,2,4,9,4,51,9,-5,9,0,5
4,1,6,2,0,2,7,9,8,52,9,-2,9,0,2
4,1,6,3,0,1,11,8,6,53,6,5,8,2,-3
4,1,6,4,0,1,11,7,3,54,6,5,7,1,-4
4,1,6,5,1,1,10,4,6,55,6,4,NA,NA,NA
4,1,6,6,0,1,12,7,7,56,6,6,7,1,-5
4,1,6,7,0,2,10,9,9,57,9,1,9,0,-1
4,1,6,8,0,2,12,9,5,58,9,3,9,0,-3
4,1,6,9,0,2,7,10,7,59,9,-2,10,1,3
4,1,6,10,0,1,12,7,6,60,6,6,7,1,-5
4,2,7,1,0,1,6,8,0,61,6,0,8,2,2
4,2,7,2,0,1,9,6,5,62,6,3,6,0,-3
4,2,7,3,0,2,9,10,0,63,9,0,10,1,1
4,2,7,4,0,1,6,7,4,64,6,0,7,1,1
4,2,7,5,0,2,10,8,6,65,9,1,8,-1,-2
4,2,7,6,0,1,10,6,7,66,6,4,6,0,-4
4,2,7,7,0,1,8,7,3,67,6,2,7,1,-1
4,2,7,8,1,2,12,1,5,68,9,3,NA,NA,NA
4,2,7,9,0,2,10,8,4,69,9,1,8,-1,-2
4,2,7,10,0,2,4,9,5,70,9,-5,9,0,5
4,2,8,1,0,1,8,6,7,71,6,2,6,0,-2
4,2,8,2,0,2,6,11,7,72,9,-3,11,2,5
4,2,8,3,0,1,6,8,0,73,6,0,8,2,2
4,2,8,4,0,2,8,7,4,74,9,-1,7,-2,-1
4,2,8,5,0,1,6,9,7,75,6,0,9,3,3
4,2,8,6,0,2,10,10,7,76,9,1,10,1,0
4,2,8,7,0,2,8,7,5,77,9,-1,7,-2,-1
4,2,8,8,0,1,0,-1,4,78,6,-6,-1,-7,-1
4,2,8,9,0,2,11,10,6,79,9,2,10,1,-1
4,2,8,10,1,1,8,-1,7,80,6,2,NA,NA,NA
4,2,9,1,0,1,11,5,6,81,6,5,5,-1,-6
4,2,9,2,0,1,8,7,4,82,6,2,7,1,-1
4,2,9,3,0,2,12,11,8,83,9,3,11,2,-1
4,2,9,4,0,2,11,11,9,84,9,2,11,2,0
4,2,9,5,0,2,10,8,4,85,9,1,8,-1,-2
4,2,9,6,0,1,9,7,6,86,6,3,7,1,-2
4,2,9,7,1,2,12,11,1,87,9,3,NA,NA,NA
4,2,9,8,0,1,9,7,1,88,6,3,7,1,-2
4,2,9,9,0,2,6,9,3,89,9,-3,9,0,3
4,2,9,10,0,1,9,6,8,90,6,3,6,0,-3
4,2,10,1,0,2,6,10,6,91,9,-3,10,1,4
4,2,10,2,1,1,8,10,9,92,6,2,NA,NA,NA
4,2,10,3,0,2,12,10,8,93,9,3,10,1,-2
4,2,10,4,0,1,9,6,7,94,6,3,6,0,-3
4,2,10,5,0,2,12,10,9,95,9,3,10,1,-2
4,2,10,6,0,1,9,4,0,96,6,3,4,-2,-5
4,2,10,7,0,2,6,8,5,97,9,-3,8,-1,2
4,2,10,8,0,1,6,5,2,98,6,0,5,-1,-1
4,2,10,9,0,1,1,5,5,99,6,-5,5,-1,4
4,2,10,10,0,2,8,8,4,100,9,-1,8,-1,0
4,2,11,1,0,1,5,4,5,101,6,-1,4,-2,-1
4,2,11,2,0,1,6,6,6,102,6,0,6,0,0
4,2,11,3,1,2,11,8,5,103,9,2,NA,NA,NA
4,2,11,4,0,2,9,6,8,104,9,0,6,-3,-3
4,2,11,5,0,2,9,8,8,105,9,0,8,-1,-1
4,2,11,6,0,1,12,5,0,106,6,6,5,-1,-7
4,2,11,7,0,1,9,7,5,107,6,3,7,1,-2
4,2,11,8,0,1,6,6,4,108,6,0,6,0,0
4,2,11,9,0,2,10,8,9,109,9,1,8,-1,-2
4,2,11,10,0,2,8,10,8,110,9,-1,10,1,2
4,2,12,1,0,2,9,8,0,111,9,0,8,-1,-1
4,2,12,2,0,2,12,9,4,112,9,3,9,0,-3
4,2,12,3,0,1,6,8,4,113,6,0,8,2,2
4,2,12,4,0,1,9,7,4,114,6,3,7,1,-2
4,2,12,5,1,1,9,9,9,115,6,3,NA,NA,NA
4,2,12,6,0,1,5,7,6,116,6,-1,7,1,2
4,2,12,7,0,2,10,10,8,117,9,1,10,1,0
4,2,12,8,0,2,9,9,6,118,9,0,9,0,0
4,2,12,9,0,2,10,10,7,119,9,1,10,1,0
4,2,12,10,0,1,6,5,6,120,6,0,5,-1,-1
4,3,13,1,0,1,2,8,7,121,6,-4,8,2,6
4,3,13,2,0,1,11,6,5,122,6,5,6,0,-5
4,3,13,3,0,2,12,9,5,123,9,3,9,0,-3
4,3,13,4,0,1,8,4,5,124,6,2,4,-2,-4
4,3,13,5,0,2,12,9,7,125,9,3,9,0,-3
4,3,13,6,0,1,6,6,0,126,6,0,6,0,0
4,3,13,7,0,1,12,7,4,127,6,6,7,1,-5
4,3,13,8,1,2,9,5,1,128,9,0,NA,NA,NA
4,3,13,9,0,2,11,8,0,129,9,2,8,-1,-3
4,3,13,10,0,2,12,10,5,130,9,3,10,1,-2
4,3,14,1,0,1,3,6,0,131,6,-3,6,0,3
4,3,14,2,0,2,12,10,2,132,9,3,10,1,-2
4,3,14,3,0,1,8,7,4,133,6,2,7,1,-1
4,3,14,4,0,2,9,8,8,134,9,0,8,-1,-1
4,3,14,5,0,1,7,3,7,135,6,1,3,-3,-4
4,3,14,6,0,2,7,8,6,136,9,-2,8,-1,1
4,3,14,7,0,2,12,11,4,137,9,3,11,2,-1
4,3,14,8,0,1,9,9,8,138,6,3,9,3,0
4,3,14,9,0,2,11,11,10,139,9,2,11,2,0
4,3,14,10,1,1,8,4,8,140,6,2,NA,NA,NA
4,3,15,1,0,1,7,8,2,141,6,1,8,2,1
4,3,15,2,0,1,10,8,7,142,6,4,8,2,-2
4,3,15,3,0,2,12,10,5,143,9,3,10,1,-2
4,3,15,4,0,2,11,10,5,144,9,2,10,1,-1
4,3,15,5,0,2,11,8,7,145,9,2,8,-1,-3
4,3,15,6,0,1,12,6,7,146,6,6,6,0,-6
4,3,15,7,1,2,12,2,7,147,9,3,NA,NA,NA
4,3,15,8,0,1,4,8,4,148,6,-2,8,2,4
4,3,15,9,0,2,12,10,6,149,9,3,10,1,-2
4,3,15,10,0,1,12,7,3,150,6,6,7,1,-5
4,3,16,1,0,2,5,8,0,151,9,-4,8,-1,3
4,3,16,2,1,1,9,4,3,152,6,3,NA,NA,NA
4,3,16,3,0,2,9,10,5,153,9,0,10,1,1
4,3,16,4,0,1,7,9,4,154,6,1,9,3,2
4,3,16,5,0,2,9,9,5,155,9,0,9,0,0
4,3,16,6,0,1,8,6,4,156,6,2,6,0,-2
4,3,16,7,0,2,9,8,3,157,9,0,8,-1,-1
4,3,16,8,0,1,8,8,7,158,6,2,8,2,0
4,3,16,9,0,1,12,7,6,159,6,6,7,1,-5
4,3,16,10,0,2,9,10,10,160,9,0,10,1,1
4,3,17,1,0,1,7,9,5,161,6,1,9,3,2
4,3,17,2,0,1,11,7,8,162,6,5,7,1,-4
4,3,17,3,1,2,9,3,1,163,9,0,NA,NA,NA
4,3,17,4,0,2,11,8,9,164,9,2,8,-1,-3
4,3,17,5,0,2,7,11,6,165,9,-2,11,2,4
4,3,17,6,0,1,12,8,6,166,6,6,8,2,-4
4,3,17,7,0,1,9,10,2,167,6,3,10,4,1
4,3,17,8,0,1,9,5,4,168,6,3,5,-1,-4
4,3,17,9,0,2,11,10,8,169,9,2,10,1,-1
4,3,17,10,0,2,9,9,6,170,9,0,9,0,0
4,3,18,1,0,2,10,10,6,171,9,1,10,1,0
4,3,18,2,0,2,10,10,7,172,9,1,10,1,0
4,3,18,3,0,1,9,7,5,173,6,3,7,1,-2
4,3,18,4,0,1,7,5,6,174,6,1,5,-1,-2
4,3,18,5,1,1,11,10,8,175,6,5,NA,NA,NA
4,3,18,6,0,1,7,7,8,176,6,1,7,1,0
4,3,18,7,0,2,7,9,7,177,9,-2,9,0,2
4,3,18,8,0,2,9,9,8,178,9,0,9,0,0
4,3,18,9,0,2,9,7,0,179,9,0,7,-2,-2
4,3,18,10,0,1,7,5,7,180,6,1,5,-1,-2
5,1,1,1,0,1,9,4,2,1,6,3,4,-2,-5
5,1,1,2,0,1,6,7,2,2,6,0,7,1,1
5,1,1,3,0,2,12,8,6,3,9,3,8,-1,-4
5,1,1,4,0,1,9,6,5,4,6,3,6,0,-3
5,1,1,5,0,2,6,9,7,5,9,-3,9,0,3
5,1,1,6,0,1,7,7,4,6,6,1,7,1,0
5,1,1,7,0,1,0,5,4,7,6,-6,5,-1,5
5,1,1,8,1,2,6,3,3,8,9,-3,NA,NA,NA
5,1,1,9,0,2,12,10,8,9,9,3,10,1,-2
5,1,1,10,0,2,10,10,7,10,9,1,10,1,0
5,1,2,1,0,1,4,7,5,11,6,-2,7,1,3
5,1,2,2,0,2,6,8,6,12,9,-3,8,-1,2
5,1,2,3,0,1,12,6,7,13,6,6,6,0,-6
5,1,2,4,0,2,9,8,4,14,9,0,8,-1,-1
5,1,2,5,0,1,9,7,4,15,6,3,7,1,-2
5,1,2,6,0,2,7,9,6,16,9,-2,9,0,2
5,1,2,7,0,2,6,8,5,17,9,-3,8,-1,2
5,1,2,8,0,1,9,7,5,18,6,3,7,1,-2
5,1,2,9,0,2,12,9,6,19,9,3,9,0,-3
5,1,2,10,1,1,6,6,7,20,6,0,NA,NA,NA
5,1,3,1,0,1,12,8,6,21,6,6,8,2,-4
5,1,3,2,0,1,3,8,5,22,6,-3,8,2,5
5,1,3,3,0,2,7,9,6,23,9,-2,9,0,2
5,1,3,4,0,2,9,8,4,24,9,0,8,-1,-1
5,1,3,5,0,2,12,9,6,25,9,3,9,0,-3
5,1,3,6,0,1,7,5,4,26,6,1,5,-1,-2
5,1,3,7,1,2,12,1,8,27,9,3,NA,NA,NA
5,1,3,8,0,1,7,5,6,28,6,1,5,-1,-2
5,1,3,9,0,2,10,10,6,29,9,1,10,1,0
5,1,3,10,0,1,7,6,5,30,6,1,6,0,-1
5,1,4,1,0,2,7,10,6,31,9,-2,10,1,3
5,1,4,2,1,1,7,10,3,32,6,1,NA,NA,NA
5,1,4,3,0,2,0,8,4,33,9,-9,8,-1,8
5,1,4,4,0,1,7,5,4,34,6,1,5,-1,-2
5,1,4,5,0,2,6,7,4,35,9,-3,7,-2,1
5,1,4,6,0,1,12,5,4,36,6,6,5,-1,-7
5,1,4,7,0,2,6,8,4,37,9,-3,8,-1,2
5,1,4,8,0,1,0,5,3,38,6,-6,5,-1,5
5,1,4,9,0,1,10,4,3,39,6,4,4,-2,-6
5,1,4,10,0,2,7,8,2,40,9,-2,8,-1,1
5,1,5,1,0,1,8,7,4,41,6,2,7,1,-1
5,1,5,2,0,1,7,5,3,42,6,1,5,-1,-2
5,1,5,3,1,2,7,11,2,43,9,-2,NA,NA,NA
5,1,5,4,0,2,12,8,7,44,9,3,8,-1,-4
5,1,5,5,0,2,11,10,6,45,9,2,10,1,-1
5,1,5,6,0,1,10,7,4,46,6,4,7,1,-3
5,1,5,7,0,1,3,8,3,47,6,-3,8,2,5
5,1,5,8,0,1,11,5,4,48,6,5,5,-1,-6
5,1,5,9,0,2,6,8,3,49,9,-3,8,-1,2
5,1,5,10,0,2,0,8,2,50,9,-9,8,-1,8
5,1,6,1,0,2,3,8,4,51,9,-6,8,-1,5
5,1,6,2,0,2,8,7,3,52,9,-1,7,-2,-1
5,1,6,3,0,1,8,5,5,53,6,2,5,-1,-3
5,1,6,4,0,1,7,7,5,54,6,1,7,1,0
5,1,6,5,1,1,8,5,1,55,6,2,NA,NA,NA
5,1,6,6,0,1,7,7,5,56,6,1,7,1,0
5,1,6,7,0,2,8,8,6,57,9,-1,8,-1,0
5,1,6,8,0,2,8,9,6,58,9,-1,9,0,1
5,1,6,9,0,2,10,9,6,59,9,1,9,0,-1
5,1,6,10,0,1,0,5,6,60,6,-6,5,-1,5
5,2,7,1,0,1,4,5,2,61,6,-2,5,-1,1
5,2,7,2,0,1,8,5,4,62,6,2,5,-1,-3
5,2,7,3,0,2,8,8,5,63,9,-1,8,-1,0
5,2,7,4,0,1,6,7,6,64,6,0,7,1,1
5,2,7,5,0,2,10,9,6,65,9,1,9,0,-1
5,2,7,6,0,1,7,7,5,66,6,1,7,1,0
5,2,7,7,0,1,4,6,5,67,6,-2,6,0,2
5,2,7,8,1,2,7,6,3,68,9,-2,NA,NA,NA
5,2,7,9,0,2,6,8,6,69,9,-3,8,-1,2
5,2,7,10,0,2,9,7,5,70,9,0,7,-2,-2
5,2,8,1,0,1,4,5,4,71,6,-2,5,-1,1
5,2,8,2,0,2,9,7,6,72,9,0,7,-2,-2
5,2,8,3,0,1,5,6,5,73,6,-1,6,0,1
5,2,8,4,0,2,11,8,7,74,9,2,8,-1,-3
5,2,8,5,0,1,6,5,6,75,6,0,5,-1,-1
5,2,8,6,0,2,10,9,6,76,9,1,9,0,-1
5,2,8,7,0,2,7,8,5,77,9,-2,8,-1,1
5,2,8,8,0,1,6,7,4,78,6,0,7,1,1
5,2,8,9,0,2,7,8,5,79,9,-2,8,-1,1
5,2,8,10,1,1,7,4,4,80,6,1,NA,NA,NA
5,2,9,1,0,1,6,5,5,81,6,0,5,-1,-1
5,2,9,2,0,1,5,5,6,82,6,-1,5,-1,0
5,2,9,3,0,2,8,9,6,83,9,-1,9,0,1
5,2,9,4,0,2,4,7,7,84,9,-5,7,-2,3
5,2,9,5,0,2,6,10,6,85,9,-3,10,1,4
5,2,9,6,0,1,9,7,5,86,6,3,7,1,-2
5,2,9,7,1,2,3,4,5,87,9,-6,NA,NA,NA
5,2,9,8,0,1,4,5,5,88,6,-2,5,-1,1
5,2,9,9,0,2,10,9,5,89,9,1,9,0,-1
5,2,9,10,0,1,8,5,6,90,6,2,5,-1,-3
5,2,10,1,0,2,7,8,6,91,9,-2,8,-1,1
5,2,10,2,1,1,4,5,7,92,6,-2,NA,NA,NA
5,2,10,3,0,2,7,7,4,93,9,-2,7,-2,0
5,2,10,4,0,1,7,6,6,94,6,1,6,0,-1
5,2,10,5,0,2,11,8,6,95,9,2,8,-1,-3
5,2,10,6,0,1,7,6,5,96,6,1,6,0,-1
5,2,10,7,0,2,5,10,5,97,9,-4,10,1,5
5,2,10,8,0,1,6,6,4,98,6,0,6,0,0
5,2,10,9,0,1,5,5,6,99,6,-1,5,-1,0
5,2,10,10,0,2,9,10,5,100,9,0,10,1,1
5,2,11,1,0,1,8,6,5,101,6,2,6,0,-2
5,2,11,2,0,1,2,5,6,102,6,-4,5,-1,3
5,2,11,3,1,2,9,10,3,103,9,0,NA,NA,NA
5,2,11,4,0,2,4,8,7,104,9,-5,8,-1,4
5,2,11,5,0,2,6,9,6,105,9,-3,9,0,3
5,2,11,6,0,1,5,7,5,106,6,-1,7,1,2
5,2,11,7,0,1,9,7,5,107,6,3,7,1,-2
5,2,11,8,0,1,6,4,4,108,6,0,4,-2,-2
5,2,11,9,0,2,10,8,6,109,9,1,8,-1,-2
5,2,11,10,0,2,11,8,7,110,9,2,8,-1,-3
5,2,12,1,0,2,7,7,6,111,9,-2,7,-2,0
5,2,12,2,0,2,4,7,7,112,9,-5,7,-2,3
5,2,12,3,0,1,4,5,5,113,6,-2,5,-1,1
5,2,12,4,0,1,4,5,5,114,6,-2,5,-1,1
5,2,12,5,1,1,5,5,6,115,6,-1,NA,NA,NA
5,2,12,6,0,1,4,4,5,116,6,-2,4,-2,0
5,2,12,7,0,2,4,7,3,117,9,-5,7,-2,3
5,2,12,8,0,2,11,8,5,118,9,2,8,-1,-3
5,2,12,9,0,2,7,8,6,119,9,-2,8,-1,1
5,2,12,10,0,1,8,5,6,120,6,2,5,-1,-3
5,3,13,1,0,1,5,7,4,121,6,-1,7,1,2
5,3,13,2,0,1,8,7,5,122,6,2,7,1,-1
5,3,13,3,0,2,8,8,6,123,9,-1,8,-1,0
5,3,13,4,0,1,5,5,4,124,6,-1,5,-1,0
5,3,13,5,0,2,10,9,6,125,9,1,9,0,-1
5,3,13,6,0,1,1,5,6,126,6,-5,5,-1,4
5,3,13,7,0,1,5,4,4,127,6,-1,4,-2,-1
5,3,13,8,1,2,6,1,6,128,9,-3,NA,NA,NA
5,3,13,9,0,2,9,8,6,129,9,0,8,-1,-1
5,3,13,10,0,2,9,7,5,130,9,0,7,-2,-2
5,3,14,1,0,1,4,5,4,131,6,-2,5,-1,1
5,3,14,2,0,2,6,8,6,132,9,-3,8,-1,2
5,3,14,3,0,1,5,5,4,133,6,-1,5,-1,0
5,3,14,4,0,2,8,7,5,134,9,-1,7,-2,-1
5,3,14,5,0,1,4,5,5,135,6,-2,5,-1,1
5,3,14,6,0,2,4,8,5,136,9,-5,8,-1,4
5,3,14,7,0,2,8,9,6,137,9,-1,9,0,1
5,3,14,8,0,1,4,4,5,138,6,-2,4,-2,0
5,3,14,9,0,2,5,8,6,139,9,-4,8,-1,3
5,3,14,10,1,1,2,8,8,140,6,-4,NA,NA,NA
5,3,15,1,0,1,4,6,4,141,6,-2,6,0,2
5,3,15,2,0,1,6,6,4,142,6,0,6,0,0
5,3,15,3,0,2,6,6,4,143,9,-3,6,-3,0
5,3,15,4,0,2,10,8,4,144,9,1,8,-1,-2
5,3,15,5,0,2,6,9,6,145,9,-3,9,0,3
5,3,15,6,0,1,7,6,6,146,6,1,6,0,-1
5,3,15,7,1,2,5,2,9,147,9,-4,NA,NA,NA
5,3,15,8,0,1,6,5,6,148,6,0,5,-1,-1
5,3,15,9,0,2,7,7,5,149,9,-2,7,-2,0
5,3,15,10,0,1,8,6,5,150,6,2,6,0,-2
5,3,16,1,0,2,7,8,6,151,9,-2,8,-1,1
5,3,16,2,1,1,7,1,5,152,6,1,NA,NA,NA
5,3,16,3,0,2,7,8,6,153,9,-2,8,-1,1
5,3,16,4,0,1,4,5,6,154,6,-2,5,-1,1
5,3,16,5,0,2,11,8,5,155,9,2,8,-1,-3
5,3,16,6,0,1,5,4,4,156,6,-1,4,-2,-1
5,3,16,7,0,2,5,9,7,157,9,-4,9,0,4
5,3,16,8,0,1,3,5,7,158,6,-3,5,-1,2
5,3,16,9,0,1,2,6,4,159,6,-4,6,0,4
5,3,16,10,0,2,9,8,6,160,9,0,8,-1,-1
5,3,17,1,0,1,5,5,4,161,6,-1,5,-1,0
5,3,17,2,0,1,4,4,5,162,6,-2,4,-2,0
5,3,17,3,1,2,4,6,1,163,9,-5,NA,NA,NA
5,3,17,4,0,2,4,8,5,164,9,-5,8,-1,4
5,3,17,5,0,2,3,7,3,165,9,-6,7,-2,4
5,3,17,6,0,1,4,6,3,166,6,-2,6,0,2
5,3,17,7,0,1,4,6,2,167,6,-2,6,0,2
5,3,17,8,0,1,9,4,3,168,6,3,4,-2,-5
5,3,17,9,0,2,7,8,4,169,9,-2,8,-1,1
5,3,17,10,0,2,7,8,5,170,9,-2,8,-1,1
5,3,18,1,0,2,5,8,4,171,9,-4,8,-1,3
5,3,18,2,0,2,6,7,4,172,9,-3,7,-2,1
5,3,18,3,0,1,12,6,3,173,6,6,6,0,-6
5,3,18,4,0,1,4,7,2,174,6,-2,7,1,3
5,3,18,5,1,1,5,9,7,175,6,-1,NA,NA,NA
5,3,18,6,0,1,4,7,4,176,6,-2,7,1,3
5,3,18,7,0,2,6,7,4,177,9,-3,7,-2,1
5,3,18,8,0,2,9,8,4,178,9,0,8,-1,-1
5,3,18,9,0,2,9,8,6,179,9,0,8,-1,-1
5,3,18,10,0,1,3,5,5,180,6,-3,5,-1,2
6,1,1,1,0,1,9,-1,5,1,6,3,-1,-7,-10
6,1,1,2,0,1,11,-1,7,2,6,5,-1,-7,-12
6,1,1,3,0,2,12,-1,6,3,9,3,-1,-10,-13
6,1,1,4,0,1,8,-1,6,4,6,2,-1,-7,-9
6,1,1,5,0,2,10,8,6,5,9,1,8,-1,-2
6,1,1,6,0,1,9,6,7,6,6,3,6,0,-3
6,1,1,7,0,1,12,6,6,7,6,6,6,0,-6
6,1,1,8,1,2,12,1,4,8,9,3,NA,NA,NA
6,1,1,9,0,2,7,8,6,9,9,-2,8,-1,1
6,1,1,10,0,2,6,9,8,10,9,-3,9,0,3
6,1,2,1,0,1,9,6,4,11,6,3,6,0,-3
6,1,2,2,0,2,7,9,7,12,9,-2,9,0,2
6,1,2,3,0,1,8,6,4,13,6,2,6,0,-2
6,1,2,4,0,2,12,9,5,14,9,3,9,0,-3
6,1,2,5,0,1,8,6,3,15,6,2,6,0,-2
6,1,2,6,0,2,12,9,5,16,9,3,9,0,-3
6,1,2,7,0,2,11,9,4,17,9,2,9,0,-2
6,1,2,8,0,1,7,6,4,18,6,1,6,0,-1
6,1,2,9,0,2,12,9,5,19,9,3,9,0,-3
6,1,2,10,1,1,6,8,1,20,6,0,NA,NA,NA
6,1,3,1,0,1,5,6,3,21,6,-1,6,0,1
6,1,3,2,0,1,7,6,5,22,6,1,6,0,-1
6,1,3,3,0,2,11,9,3,23,9,2,9,0,-2
6,1,3,4,0,2,8,9,4,24,9,-1,9,0,1
6,1,3,5,0,2,8,9,5,25,9,-1,9,0,1
6,1,3,6,0,1,10,6,5,26,6,4,6,0,-4
6,1,3,7,1,2,12,2,9,27,9,3,NA,NA,NA
6,1,3,8,0,1,6,6,4,28,6,0,6,0,0
6,1,3,9,0,2,11,9,5,29,9,2,9,0,-2
6,1,3,10,0,1,12,6,5,30,6,6,6,0,-6
6,1,4,1,0,2,10,9,3,31,9,1,9,0,-1
6,1,4,2,1,1,12,6,7,32,6,6,NA,NA,NA
6,1,4,3,0,2,10,9,4,33,9,1,9,0,-1
6,1,4,4,0,1,5,6,4,34,6,-1,6,0,1
6,1,4,5,0,2,9,9,4,35,9,0,9,0,0
6,1,4,6,0,1,11,6,4,36,6,5,6,0,-5
6,1,4,7,0,2,4,9,5,37,9,-5,9,0,5
6,1,4,8,0,1,12,6,3,38,6,6,6,0,-6
6,1,4,9,0,1,11,6,2,39,6,5,6,0,-5
6,1,4,10,0,2,7,9,3,40,9,-2,9,0,2
6,1,5,1,0,1,12,6,4,41,6,6,6,0,-6
6,1,5,2,0,1,1,6,2,42,6,-5,6,0,5
6,1,5,3,1,2,6,10,8,43,9,-3,NA,NA,NA
6,1,5,4,0,2,5,9,4,44,9,-4,9,0,4
6,1,5,5,0,2,9,9,4,45,9,0,9,0,0
6,1,5,6,0,1,9,6,2,46,6,3,6,0,-3
6,1,5,7,0,1,5,5,3,47,6,-1,5,-1,0
6,1,5,8,0,1,12,6,5,48,6,6,6,0,-6
6,1,5,9,0,2,0,10,3,49,9,-9,10,1,10
6,1,5,10,0,2,9,10,4,50,9,0,10,1,1
6,1,6,1,0,2,5,9,5,51,9,-4,9,0,4
6,1,6,2,0,2,8,9,4,52,9,-1,9,0,1
6,1,6,3,0,1,6,6,2,53,6,0,6,0,0
6,1,6,4,0,1,9,6,4,54,6,3,6,0,-3
6,1,6,5,1,1,4,2,5,55,6,-2,NA,NA,NA
6,1,6,6,0,1,5,6,4,56,6,-1,6,0,1
6,1,6,7,0,2,6,9,2,57,9,-3,9,0,3
6,1,6,8,0,2,9,9,4,58,9,0,9,0,0
6,1,6,9,0,2,12,9,5,59,9,3,9,0,-3
6,1,6,10,0,1,10,5,4,60,6,4,5,-1,-5
6,2,7,1,0,1,7,5,4,61,6,1,5,-1,-2
6,2,7,2,0,1,8,6,5,62,6,2,6,0,-2
6,2,7,3,0,2,8,9,6,63,9,-1,9,0,1
6,2,7,4,0,1,12,6,6,64,6,6,6,0,-6
6,2,7,5,0,2,8,9,6,65,9,-1,9,0,1
6,2,7,6,0,1,6,6,5,66,6,0,6,0,0
6,2,7,7,0,1,8,6,6,67,6,2,6,0,-2
6,2,7,8,1,2,10,1,6,68,9,1,NA,NA,NA
6,2,7,9,0,2,10,9,6,69,9,1,9,0,-1
6,2,7,10,0,2,9,9,7,70,9,0,9,0,0
6,2,8,1,0,1,11,6,7,71,6,5,6,0,-5
6,2,8,2,0,2,8,9,6,72,9,-1,9,0,1
6,2,8,3,0,1,8,6,6,73,6,2,6,0,-2
6,2,8,4,0,2,6,9,7,74,9,-3,9,0,3
6,2,8,5,0,1,6,6,5,75,6,0,6,0,0
6,2,8,6,0,2,10,9,8,76,9,1,9,0,-1
6,2,8,7,0,2,10,9,8,77,9,1,9,0,-1
6,2,8,8,0,1,10,6,4,78,6,4,6,0,-4
6,2,8,9,0,2,11,9,6,79,9,2,9,0,-2
6,2,8,10,1,1,12,11,1,80,6,6,NA,NA,NA
6,2,9,1,0,1,4,5,6,81,6,-2,5,-1,1
6,2,9,2,0,1,7,6,6,82,6,1,6,0,-1
6,2,9,3,0,2,11,9,7,83,9,2,9,0,-2
6,2,9,4,0,2,3,9,6,84,9,-6,9,0,6
6,2,9,5,0,2,8,9,7,85,9,-1,9,0,1
6,2,9,6,0,1,7,6,6,86,6,1,6,0,-1
6,2,9,7,1,2,9,5,5,87,9,0,NA,NA,NA
6,2,9,8,0,1,8,6,7,88,6,2,6,0,-2
6,2,9,9,0,2,7,9,8,89,9,-2,9,0,2
6,2,9,10,0,1,8,6,6,90,6,2,6,0,-2
6,2,10,1,0,2,9,10,7,91,9,0,10,1,1
6,2,10,2,1,1,6,11,3,92,6,0,NA,NA,NA
6,2,10,3,0,2,10,9,7,93,9,1,9,0,-1
6,2,10,4,0,1,7,6,7,94,6,1,6,0,-1
6,2,10,5,0,2,10,8,6,95,9,1,8,-1,-2
6,2,10,6,0,1,12,6,7,96,6,6,6,0,-6
6,2,10,7,0,2,8,9,6,97,9,-1,9,0,1
6,2,10,8,0,1,9,7,4,98,6,3,7,1,-2
6,2,10,9,0,1,9,6,6,99,6,3,6,0,-3
6,2,10,10,0,2,10,9,8,100,9,1,9,0,-1
6,2,11,1,0,1,6,7,5,101,6,0,7,1,1
6,2,11,2,0,1,7,6,6,102,6,1,6,0,-1
6,2,11,3,1,2,11,4,7,103,9,2,NA,NA,NA
6,2,11,4,0,2,12,9,7,104,9,3,9,0,-3
6,2,11,5,0,2,10,8,6,105,9,1,8,-1,-2
6,2,11,6,0,1,6,6,7,106,6,0,6,0,0
6,2,11,7,0,1,4,6,8,107,6,-2,6,0,2
6,2,11,8,0,1,6,6,6,108,6,0,6,0,0
6,2,11,9,0,2,4,10,6,109,9,-5,10,1,6
6,2,11,10,0,2,12,9,6,110,9,3,9,0,-3
6,2,12,1,0,2,6,9,7,111,9,-3,9,0,3
6,2,12,2,0,2,10,9,7,112,9,1,9,0,-1
6,2,12,3,0,1,6,6,7,113,6,0,6,0,0
6,2,12,4,0,1,6,6,7,114,6,0,6,0,0
6,2,12,5,1,1,5,2,9,115,6,-1,NA,NA,NA
6,2,12,6,0,1,6,6,8,116,6,0,6,0,0
6,2,12,7,0,2,8,9,5,117,9,-1,9,0,1
6,2,12,8,0,2,5,9,6,118,9,-4,9,0,4
6,2,12,9,0,2,5,9,6,119,9,-4,9,0,4
6,2,12,10,0,1,8,6,7,120,6,2,6,0,-2
6,3,13,1,0,1,7,6,3,121,6,1,6,0,-1
6,3,13,2,0,1,8,6,4,122,6,2,6,0,-2
6,3,13,3,0,2,7,8,3,123,9,-2,8,-1,1
6,3,13,4,0,1,7,6,4,124,6,1,6,0,-1
6,3,13,5,0,2,8,9,4,125,9,-1,9,0,1
6,3,13,6,0,1,7,6,6,126,6,1,6,0,-1
6,3,13,7,0,1,7,6,4,127,6,1,6,0,-1
6,3,13,8,1,2,8,7,8,128,9,-1,NA,NA,NA
6,3,13,9,0,2,12,9,5,129,9,3,9,0,-3
6,3,13,10,0,2,8,10,7,130,9,-1,10,1,2
6,3,14,1,0,1,5,6,4,131,6,-1,6,0,1
6,3,14,2,0,2,12,9,5,132,9,3,9,0,-3
6,3,14,3,0,1,7,6,6,133,6,1,6,0,-1
6,3,14,4,0,2,9,9,6,134,9,0,9,0,0
6,3,14,5,0,1,7,6,6,135,6,1,6,0,-1
6,3,14,6,0,2,12,9,7,136,9,3,9,0,-3
6,3,14,7,0,2,12,9,4,137,9,3,9,0,-3
6,3,14,8,0,1,8,6,5,138,6,2,6,0,-2
6,3,14,9,0,2,5,8,6,139,9,-4,8,-1,3
6,3,14,10,1,1,7,4,1,140,6,1,NA,NA,NA
6,3,15,1,0,1,3,6,5,141,6,-3,6,0,3
6,3,15,2,0,1,8,6,4,142,6,2,6,0,-2
6,3,15,3,0,2,10,9,3,143,9,1,9,0,-1
6,3,15,4,0,2,7,9,5,144,9,-2,9,0,2
6,3,15,5,0,2,10,8,4,145,9,1,8,-1,-2
6,3,15,6,0,1,7,6,4,146,6,1,6,0,-1
6,3,15,7,1,2,12,5,3,147,9,3,NA,NA,NA
6,3,15,8,0,1,7,7,3,148,6,1,7,1,0
6,3,15,9,0,2,9,9,6,149,9,0,9,0,0
6,3,15,10,0,1,6,6,4,150,6,0,6,0,0
6,3,16,1,0,2,8,10,5,151,9,-1,10,1,2
6,3,16,2,1,1,10,5,1,152,6,4,NA,NA,NA
6,3,16,3,0,2,8,9,6,153,9,-1,9,0,1
6,3,16,4,0,1,6,6,6,154,6,0,6,0,0
6,3,16,5,0,2,11,9,6,155,9,2,9,0,-2
6,3,16,6,0,1,8,6,6,156,6,2,6,0,-2
6,3,16,7,0,2,12,9,4,157,9,3,9,0,-3
6,3,16,8,0,1,9,6,6,158,6,3,6,0,-3
6,3,16,9,0,1,8,6,4,159,6,2,6,0,-2
6,3,16,10,0,2,8,9,6,160,9,-1,9,0,1
6,3,17,1,0,1,4,6,4,161,6,-2,6,0,2
6,3,17,2,0,1,7,6,5,162,6,1,6,0,-1
6,3,17,3,1,2,9,6,1,163,9,0,NA,NA,NA
6,3,17,4,0,2,12,9,7,164,9,3,9,0,-3
6,3,17,5,0,2,9,9,5,165,9,0,9,0,0
6,3,17,6,0,1,8,6,6,166,6,2,6,0,-2
6,3,17,7,0,1,8,6,4,167,6,2,6,0,-2
6,3,17,8,0,1,7,6,4,168,6,1,6,0,-1
6,3,17,9,0,2,5,9,6,169,9,-4,9,0,4
6,3,17,10,0,2,12,9,6,170,9,3,9,0,-3
6,3,18,1,0,2,10,9,4,171,9,1,9,0,-1
6,3,18,2,0,2,10,9,5,172,9,1,9,0,-1
6,3,18,3,0,1,4,6,6,173,6,-2,6,0,2
6,3,18,4,0,1,8,6,6,174,6,2,6,0,-2
6,3,18,5,1,1,9,5,7,175,6,3,NA,NA,NA
6,3,18,6,0,1,7,6,4,176,6,1,6,0,-1
6,3,18,7,0,2,7,10,7,177,9,-2,10,1,3
6,3,18,8,0,2,11,10,6,178,9,2,10,1,-1
6,3,18,9,0,2,7,9,6,179,9,-2,9,0,2
6,3,18,10,0,1,7,6,4,180,6,1,6,0,-1
7,1,1,1,0,1,9,5,2,1,6,3,5,-1,-4
7,1,1,2,0,1,11,6,1,2,6,5,6,0,-5
7,1,1,3,0,2,12,10,2,3,9,3,10,1,-2
7,1,1,4,0,1,12,7,2,4,6,6,7,1,-5
7,1,1,5,0,2,4,9,2,5,9,-5,9,0,5
7,1,1,6,0,1,9,7,2,6,6,3,7,1,-2
7,1,1,7,0,1,7,7,1,7,6,1,7,1,0
7,1,1,8,1,2,11,1,7,8,9,2,NA,NA,NA
7,1,1,9,0,2,6,9,3,9,9,-3,9,0,3
7,1,1,10,0,2,12,10,2,10,9,3,10,1,-2
7,1,2,1,0,1,4,6,2,11,6,-2,6,0,2
7,1,2,2,0,2,9,10,3,12,9,0,10,1,1
7,1,2,3,0,1,2,5,2,13,6,-4,5,-1,3
7,1,2,4,0,2,11,9,3,14,9,2,9,0,-2
7,1,2,5,0,1,12,5,2,15,6,6,5,-1,-7
7,1,2,6,0,2,12,10,3,16,9,3,10,1,-2
7,1,2,7,0,2,6,9,3,17,9,-3,9,0,3
7,1,2,8,0,1,2,5,2,18,6,-4,5,-1,3
7,1,2,9,0,2,4,8,2,19,9,-5,8,-1,4
7,1,2,10,1,1,2,3,2,20,6,-4,NA,NA,NA
7,1,3,1,0,1,5,6,1,21,6,-1,6,0,1
7,1,3,2,0,1,11,6,3,22,6,5,6,0,-5
7,1,3,3,0,2,12,8,2,23,9,3,8,-1,-4
7,1,3,4,0,2,7,8,1,24,9,-2,8,-1,1
7,1,3,5,0,2,12,9,2,25,9,3,9,0,-3
7,1,3,6,0,1,9,5,2,26,6,3,5,-1,-4
7,1,3,7,1,2,6,9,3,27,9,-3,NA,NA,NA
7,1,3,8,0,1,6,6,2,28,6,0,6,0,0
7,1,3,9,0,2,6,9,2,29,9,-3,9,0,3
7,1,3,10,0,1,2,6,2,30,6,-4,6,0,4
7,1,4,1,0,2,6,10,2,31,9,-3,10,1,4
7,1,4,2,1,1,9,4,2,32,6,3,NA,NA,NA
7,1,4,3,0,2,2,8,1,33,9,-7,8,-1,6
7,1,4,4,0,1,7,6,1,34,6,1,6,0,-1
7,1,4,5,0,2,7,9,2,35,9,-2,9,0,2
7,1,4,6,0,1,12,5,1,36,6,6,5,-1,-7
7,1,4,7,0,2,12,9,1,37,9,3,9,0,-3
7,1,4,8,0,1,0,7,2,38,6,-6,7,1,7
7,1,4,9,0,1,12,5,1,39,6,6,5,-1,-7
7,1,4,10,0,2,7,10,2,40,9,-2,10,1,3
7,1,5,1,0,1,4,7,1,41,6,-2,7,1,3
7,1,5,2,0,1,9,6,2,42,6,3,6,0,-3
7,1,5,3,1,2,12,6,8,43,9,3,NA,NA,NA
7,1,5,4,0,2,7,10,3,44,9,-2,10,1,3
7,1,5,5,0,2,12,11,4,45,9,3,11,2,-1
7,1,5,6,0,1,9,6,2,46,6,3,6,0,-3
7,1,5,7,0,1,6,5,3,47,6,0,5,-1,-1
7,1,5,8,0,1,6,7,4,48,6,0,7,1,1
7,1,5,9,0,2,11,9,2,49,9,2,9,0,-2
7,1,5,10,0,2,0,10,3,50,9,-9,10,1,10
7,1,6,1,0,2,6,9,2,51,9,-3,9,0,3
7,1,6,2,0,2,12,9,2,52,9,3,9,0,-3
7,1,6,3,0,1,4,5,2,53,6,-2,5,-1,1
7,1,6,4,0,1,7,6,2,54,6,1,6,0,-1
7,1,6,5,1,1,4,2,1,55,6,-2,NA,NA,NA
7,1,6,6,0,1,6,6,3,56,6,0,6,0,0
7,1,6,7,0,2,11,10,3,57,9,2,10,1,-1
7,1,6,8,0,2,7,11,4,58,9,-2,11,2,4
7,1,6,9,0,2,7,10,3,59,9,-2,10,1,3
7,1,6,10,0,1,11,5,2,60,6,5,5,-1,-6
7,2,7,1,0,1,5,6,1,61,6,-1,6,0,1
7,2,7,2,0,1,12,6,2,62,6,6,6,0,-6
7,2,7,3,0,2,12,10,1,63,9,3,10,1,-2
7,2,7,4,0,1,12,5,2,64,6,6,5,-1,-7
7,2,7,5,0,2,8,10,2,65,9,-1,10,1,2
7,2,7,6,0,1,8,5,2,66,6,2,5,-1,-3
7,2,7,7,0,1,7,5,2,67,6,1,5,-1,-2
7,2,7,8,1,2,12,11,7,68,9,3,NA,NA,NA
7,2,7,9,0,2,8,10,2,69,9,-1,10,1,2
7,2,7,10,0,2,12,9,2,70,9,3,9,0,-3
7,2,8,1,0,1,8,5,2,71,6,2,5,-1,-3
7,2,8,2,0,2,5,10,2,72,9,-4,10,1,5
7,2,8,3,0,1,2,6,1,73,6,-4,6,0,4
7,2,8,4,0,2,12,10,2,74,9,3,10,1,-2
7,2,8,5,0,1,0,5,2,75,6,-6,5,-1,5
7,2,8,6,0,2,8,11,3,76,9,-1,11,2,3
7,2,8,7,0,2,12,9,2,77,9,3,9,0,-3
7,2,8,8,0,1,10,5,3,78,6,4,5,-1,-5
7,2,8,9,0,2,5,9,2,79,9,-4,9,0,4
7,2,8,10,1,1,5,8,3,80,6,-1,NA,NA,NA
7,2,9,1,0,1,7,5,3,81,6,1,5,-1,-2
7,2,9,2,0,1,8,5,2,82,6,2,5,-1,-3
7,2,9,3,0,2,3,8,2,83,9,-6,8,-1,5
7,2,9,4,0,2,8,8,2,84,9,-1,8,-1,0
7,2,9,5,0,2,12,9,2,85,9,3,9,0,-3
7,2,9,6,0,1,10,5,3,86,6,4,5,-1,-5
7,2,9,7,1,2,10,1,3,87,9,1,NA,NA,NA
7,2,9,8,0,1,12,6,2,88,6,6,6,0,-6
7,2,9,9,0,2,12,10,2,89,9,3,10,1,-2
7,2,9,10,0,1,7,6,2,90,6,1,6,0,-1
7,2,10,1,0,2,3,10,2,91,9,-6,10,1,7
7,2,10,2,1,1,10,10,7,92,6,4,NA,NA,NA
7,2,10,3,0,2,12,8,2,93,9,3,8,-1,-4
7,2,10,4,0,1,12,7,2,94,6,6,7,1,-5
7,2,10,5,0,2,12,10,2,95,9,3,10,1,-2
7,2,10,6,0,1,10,5,2,96,6,4,5,-1,-5
7,2,10,7,0,2,12,9,2,97,9,3,9,0,-3
7,2,10,8,0,1,10,4,2,98,6,4,4,-2,-6
7,2,10,9,0,1,7,6,2,99,6,1,6,0,-1
7,2,10,10,0,2,12,10,3,100,9,3,10,1,-2
7,2,11,1,0,1,7,4,3,101,6,1,4,-2,-3
7,2,11,2,0,1,9,5,3,102,6,3,5,-1,-4
7,2,11,3,1,2,10,3,2,103,9,1,NA,NA,NA
7,2,11,4,0,2,12,10,3,104,9,3,10,1,-2
7,2,11,5,0,2,5,10,3,105,9,-4,10,1,5
7,2,11,6,0,1,10,6,3,106,6,4,6,0,-4
7,2,11,7,0,1,3,5,3,107,6,-3,5,-1,2
7,2,11,8,0,1,3,7,3,108,6,-3,7,1,4
7,2,11,9,0,2,8,9,3,109,9,-1,9,0,1
7,2,11,10,0,2,12,10,3,110,9,3,10,1,-2
7,2,12,1,0,2,9,10,2,111,9,0,10,1,1
7,2,12,2,0,2,10,10,4,112,9,1,10,1,0
7,2,12,3,0,1,9,6,2,113,6,3,6,0,-3
7,2,12,4,0,1,7,7,2,114,6,1,7,1,0
7,2,12,5,1,1,9,8,3,115,6,3,NA,NA,NA
7,2,12,6,0,1,5,7,3,116,6,-1,7,1,2
7,2,12,7,0,2,9,9,4,117,9,0,9,0,0
7,2,12,8,0,2,12,9,4,118,9,3,9,0,-3
7,2,12,9,0,2,7,10,3,119,9,-2,10,1,3
7,2,12,10,0,1,0,5,3,120,6,-6,5,-1,5
7,3,13,1,0,1,5,5,1,121,6,-1,5,-1,0
7,3,13,2,0,1,5,5,2,122,6,-1,5,-1,0
7,3,13,3,0,2,7,10,2,123,9,-2,10,1,3
7,3,13,4,0,1,5,6,2,124,6,-1,6,0,1
7,3,13,5,0,2,6,9,2,125,9,-3,9,0,3
7,3,13,6,0,1,5,6,3,126,6,-1,6,0,1
7,3,13,7,0,1,6,5,3,127,6,0,5,-1,-1
7,3,13,8,1,2,7,10,3,128,9,-2,NA,NA,NA
7,3,13,9,0,2,5,8,3,129,9,-4,8,-1,3
7,3,13,10,0,2,9,8,2,130,9,0,8,-1,-1
7,3,14,1,0,1,6,6,3,131,6,0,6,0,0
7,3,14,2,0,2,7,8,3,132,9,-2,8,-1,1
7,3,14,3,0,1,5,6,4,133,6,-1,6,0,1
7,3,14,4,0,2,8,9,3,134,9,-1,9,0,1
7,3,14,5,0,1,8,6,4,135,6,2,6,0,-2
7,3,14,6,0,2,8,9,3,136,9,-1,9,0,1
7,3,14,7,0,2,7,9,4,137,9,-2,9,0,2
7,3,14,8,0,1,6,6,4,138,6,0,6,0,0
7,3,14,9,0,2,7,8,3,139,9,-2,8,-1,1
7,3,14,10,1,1,8,1,7,140,6,2,NA,NA,NA
7,3,15,1,0,1,4,5,4,141,6,-2,5,-1,1
7,3,15,2,0,1,9,6,4,142,6,3,6,0,-3
7,3,15,3,0,2,10,9,3,143,9,1,9,0,-1
7,3,15,4,0,2,7,9,4,144,9,-2,9,0,2
7,3,15,5,0,2,7,10,3,145,9,-2,10,1,3
7,3,15,6,0,1,5,6,3,146,6,-1,6,0,1
7,3,15,7,1,2,5,11,7,147,9,-4,NA,NA,NA
7,3,15,8,0,1,5,6,3,148,6,-1,6,0,1
7,3,15,9,0,2,7,8,2,149,9,-2,8,-1,1
7,3,15,10,0,1,5,6,4,150,6,-1,6,0,1
7,3,16,1,0,2,6,8,3,151,9,-3,8,-1,2
7,3,16,2,1,1,5,10,9,152,6,-1,NA,NA,NA
7,3,16,3,0,2,5,7,4,153,9,-4,7,-2,2
7,3,16,4,0,1,5,6,4,154,6,-1,6,0,1
7,3,16,5,0,2,5,8,2,155,9,-4,8,-1,3
7,3,16,6,0,1,7,6,4,156,6,1,6,0,-1
7,3,16,7,0,2,9,8,3,157,9,0,8,-1,-1
7,3,16,8,0,1,5,6,4,158,6,-1,6,0,1
7,3,16,9,0,1,6,6,3,159,6,0,6,0,0
7,3,16,10,0,2,5,8,3,160,9,-4,8,-1,3
7,3,17,1,0,1,5,6,4,161,6,-1,6,0,1
7,3,17,2,0,1,9,5,5,162,6,3,5,-1,-4
7,3,17,3,1,2,3,10,2,163,9,-6,NA,NA,NA
7,3,17,4,0,2,7,8,3,164,9,-2,8,-1,1
7,3,17,5,0,2,5,8,2,165,9,-4,8,-1,3
7,3,17,6,0,1,7,4,4,166,6,1,4,-2,-3
7,3,17,7,0,1,5,5,3,167,6,-1,5,-1,0
7,3,17,8,0,1,4,6,3,168,6,-2,6,0,2
7,3,17,9,0,2,6,8,2,169,9,-3,8,-1,2
7,3,17,10,0,2,5,8,3,170,9,-4,8,-1,3
7,3,18,1,0,2,3,8,3,171,9,-6,8,-1,5
7,3,18,2,0,2,6,8,3,172,9,-3,8,-1,2
7,3,18,3,0,1,6,6,4,173,6,0,6,0,0
7,3,18,4,0,1,7,6,5,174,6,1,6,0,-1
7,3,18,5,1,1,6,2,3,175,6,0,NA,NA,NA
7,3,18,6,0,1,5,5,6,176,6,-1,5,-1,0
7,3,18,7,0,2,10,8,3,177,9,1,8,-1,-2
7,3,18,8,0,2,7,9,3,178,9,-2,9,0,2
7,3,18,9,0,2,8,8,4,179,9,-1,8,-1,0
7,3,18,10,0,1,6,6,5,180,6,0,6,0,0
8,1,1,1,0,1,7,5,5,1,6,1,5,-1,-2
8,1,1,2,0,1,10,5,6,2,6,4,5,-1,-5
8,1,1,3,0,2,6,9,5,3,9,-3,9,0,3
8,1,1,4,0,1,6,6,6,4,6,0,6,0,0
8,1,1,5,0,2,10,8,6,5,9,1,8,-1,-2
8,1,1,6,0,1,8,6,6,6,6,2,6,0,-2
8,1,1,7,0,1,7,6,5,7,6,1,6,0,-1
8,1,1,8,1,2,11,5,2,8,9,2,NA,NA,NA
8,1,1,9,0,2,8,8,6,9,9,-1,8,-1,0
8,1,1,10,0,2,12,9,7,10,9,3,9,0,-3
8,1,2,1,0,1,8,7,5,11,6,2,7,1,-1
8,1,2,2,0,2,10,9,5,12,9,1,9,0,-1
8,1,2,3,0,1,11,6,4,13,6,5,6,0,-5
8,1,2,4,0,2,3,10,5,14,9,-6,10,1,7
8,1,2,5,0,1,6,6,4,15,6,0,6,0,0
8,1,2,6,0,2,11,8,5,16,9,2,8,-1,-3
8,1,2,7,0,2,12,10,4,17,9,3,10,1,-2
8,1,2,8,0,1,8,5,6,18,6,2,5,-1,-3
8,1,2,9,0,2,10,10,6,19,9,1,10,1,0
8,1,2,10,1,1,11,10,7,20,6,5,NA,NA,NA
8,1,3,1,0,1,4,5,5,21,6,-2,5,-1,1
8,1,3,2,0,1,8,6,5,22,6,2,6,0,-2
8,1,3,3,0,2,10,10,5,23,9,1,10,1,0
8,1,3,4,0,2,8,9,6,24,9,-1,9,0,1
8,1,3,5,0,2,1,8,5,25,9,-8,8,-1,7
8,1,3,6,0,1,8,5,5,26,6,2,5,-1,-3
8,1,3,7,1,2,8,4,4,27,9,-1,NA,NA,NA
8,1,3,8,0,1,11,5,6,28,6,5,5,-1,-6
8,1,3,9,0,2,11,9,6,29,9,2,9,0,-2
8,1,3,10,0,1,12,5,6,30,6,6,5,-1,-7
8,1,4,1,0,2,4,8,4,31,9,-5,8,-1,4
8,1,4,2,1,1,11,11,9,32,6,5,NA,NA,NA
8,1,4,3,0,2,12,7,4,33,9,3,7,-2,-5
8,1,4,4,0,1,10,7,6,34,6,4,7,1,-3
8,1,4,5,0,2,8,8,4,35,9,-1,8,-1,0
8,1,4,6,0,1,10,7,5,36,6,4,7,1,-3
8,1,4,7,0,2,12,9,5,37,9,3,9,0,-3
8,1,4,8,0,1,10,5,4,38,6,4,5,-1,-5
8,1,4,9,0,1,6,5,3,39,6,0,5,-1,-1
8,1,4,10,0,2,7,8,5,40,9,-2,8,-1,1
8,1,5,1,0,1,7,5,5,41,6,1,5,-1,-2
8,1,5,2,0,1,6,6,5,42,6,0,6,0,0
8,1,5,3,1,2,1,3,6,43,9,-8,NA,NA,NA
8,1,5,4,0,2,10,8,5,44,9,1,8,-1,-2
8,1,5,5,0,2,6,8,6,45,9,-3,8,-1,2
8,1,5,6,0,1,10,5,5,46,6,4,5,-1,-5
8,1,5,7,0,1,10,6,4,47,6,4,6,0,-4
8,1,5,8,0,1,7,7,5,48,6,1,7,1,0
8,1,5,9,0,2,7,8,5,49,9,-2,8,-1,1
8,1,5,10,0,2,12,8,5,50,9,3,8,-1,-4
8,1,6,1,0,2,4,8,5,51,9,-5,8,-1,4
8,1,6,2,0,2,7,8,5,52,9,-2,8,-1,1
8,1,6,3,0,1,4,7,6,53,6,-2,7,1,3
8,1,6,4,0,1,7,6,5,54,6,1,6,0,-1
8,1,6,5,1,1,10,6,6,55,6,4,NA,NA,NA
8,1,6,6,0,1,10,7,6,56,6,4,7,1,-3
8,1,6,7,0,2,11,8,5,57,9,2,8,-1,-3
8,1,6,8,0,2,10,8,5,58,9,1,8,-1,-2
8,1,6,9,0,2,12,9,5,59,9,3,9,0,-3
8,1,6,10,0,1,8,6,5,60,6,2,6,0,-2
8,2,7,1,0,1,7,5,5,61,6,1,5,-1,-2
8,2,7,2,0,1,4,5,6,62,6,-2,5,-1,1
8,2,7,3,0,2,5,8,5,63,9,-4,8,-1,3
8,2,7,4,0,1,4,5,5,64,6,-2,5,-1,1
8,2,7,5,0,2,7,9,5,65,9,-2,9,0,2
8,2,7,6,0,1,12,7,6,66,6,6,7,1,-5
8,2,7,7,0,1,10,7,6,67,6,4,7,1,-3
8,2,7,8,1,2,6,4,7,68,9,-3,NA,NA,NA
8,2,7,9,0,2,10,8,6,69,9,1,8,-1,-2
8,2,7,10,0,2,10,10,6,70,9,1,10,1,0
8,2,8,1,0,1,4,5,6,71,6,-2,5,-1,1
8,2,8,2,0,2,9,8,5,72,9,0,8,-1,-1
8,2,8,3,0,1,6,6,6,73,6,0,6,0,0
8,2,8,4,0,2,6,9,6,74,9,-3,9,0,3
8,2,8,5,0,1,12,7,5,75,6,6,7,1,-5
8,2,8,6,0,2,9,9,6,76,9,0,9,0,0
8,2,8,7,0,2,11,10,5,77,9,2,10,1,-1
8,2,8,8,0,1,9,7,6,78,6,3,7,1,-2
8,2,8,9,0,2,12,9,6,79,9,3,9,0,-3
8,2,8,10,1,1,4,10,9,80,6,-2,NA,NA,NA
8,2,9,1,0,1,7,7,4,81,6,1,7,1,0
8,2,9,2,0,1,4,7,5,82,6,-2,7,1,3
8,2,9,3,0,2,11,8,5,83,9,2,8,-1,-3
8,2,9,4,0,2,7,10,6,84,9,-2,10,1,3
8,2,9,5,0,2,9,8,6,85,9,0,8,-1,-1
8,2,9,6,0,1,9,7,6,86,6,3,7,1,-2
8,2,9,7,1,2,7,7,1,87,9,-2,NA,NA,NA
8,2,9,8,0,1,9,7,6,88,6,3,7,1,-2
8,2,9,9,0,2,5,9,5,89,9,-4,9,0,4
8,2,9,10,0,1,1,7,5,90,6,-5,7,1,6
8,2,10,1,0,2,6,8,5,91,9,-3,8,-1,2
8,2,10,2,1,1,8,3,9,92,6,2,NA,NA,NA
8,2,10,3,0,2,10,8,6,93,9,1,8,-1,-2
8,2,10,4,0,1,9,7,5,94,6,3,7,1,-2
8,2,10,5,0,2,6,8,4,95,9,-3,8,-1,2
8,2,10,6,0,1,11,7,6,96,6,5,7,1,-4
8,2,10,7,0,2,10,8,5,97,9,1,8,-1,-2
8,2,10,8,0,1,6,7,4,98,6,0,7,1,1
8,2,10,9,0,1,7,6,4,99,6,1,6,0,-1
8,2,10,10,0,2,6,10,5,100,9,-3,10,1,4
8,2,11,1,0,1,6,7,5,101,6,0,7,1,1
8,2,11,2,0,1,6,6,5,102,6,0,6,0,0
8,2,11,3,1,2,11,11,4,103,9,2,NA,NA,NA
8,2,11,4,0,2,8,10,5,104,9,-1,10,1,2
8,2,11,5,0,2,7,10,6,105,9,-2,10,1,3
8,2,11,6,0,1,8,7,4,106,6,2,7,1,-1
8,2,11,7,0,1,8,7,5,107,6,2,7,1,-1
8,2,11,8,0,1,11,6,5,108,6,5,6,0,-5
8,2,11,9,0,2,7,8,5,109,9,-2,8,-1,1
8,2,11,10,0,2,10,10,6,110,9,1,10,1,0
8,2,12,1,0,2,11,8,5,111,9,2,8,-1,-3
8,2,12,2,0,2,10,10,6,112,9,1,10,1,0
8,2,12,3,0,1,10,7,5,113,6,4,7,1,-3
8,2,12,4,0,1,10,7,4,114,6,4,7,1,-3
8,2,12,5,1,1,12,5,5,115,6,6,NA,NA,NA
8,2,12,6,0,1,12,7,4,116,6,6,7,1,-5
8,2,12,7,0,2,10,10,5,117,9,1,10,1,0
8,2,12,8,0,2,11,10,6,118,9,2,10,1,-1
8,2,12,9,0,2,11,9,6,119,9,2,9,0,-2
8,2,12,10,0,1,8,5,5,120,6,2,5,-1,-3
8,3,13,1,0,1,5,5,5,121,6,-1,5,-1,0
8,3,13,2,0,1,5,7,5,122,6,-1,7,1,2
8,3,13,3,0,2,7,8,4,123,9,-2,8,-1,1
8,3,13,4,0,1,6,6,6,124,6,0,6,0,0
8,3,13,5,0,2,7,10,4,125,9,-2,10,1,3
8,3,13,6,0,1,9,6,6,126,6,3,6,0,-3
8,3,13,7,0,1,4,7,5,127,6,-2,7,1,3
8,3,13,8,1,2,9,3,3,128,9,0,NA,NA,NA
8,3,13,9,0,2,7,8,5,129,9,-2,8,-1,1
8,3,13,10,0,2,8,8,5,130,9,-1,8,-1,0
8,3,14,1,0,1,6,5,5,131,6,0,5,-1,-1
8,3,14,2,0,2,10,8,5,132,9,1,8,-1,-2
8,3,14,3,0,1,5,6,6,133,6,-1,6,0,1
8,3,14,4,0,2,11,8,5,134,9,2,8,-1,-3
8,3,14,5,0,1,8,7,4,135,6,2,7,1,-1
8,3,14,6,0,2,7,8,5,136,9,-2,8,-1,1
8,3,14,7,0,2,8,8,5,137,9,-1,8,-1,0
8,3,14,8,0,1,8,7,5,138,6,2,7,1,-1
8,3,14,9,0,2,11,9,5,139,9,2,9,0,-2
8,3,14,10,1,1,5,11,1,140,6,-1,NA,NA,NA
8,3,15,1,0,1,7,6,5,141,6,1,6,0,-1
8,3,15,2,0,1,6,7,5,142,6,0,7,1,1
8,3,15,3,0,2,9,9,5,143,9,0,9,0,0
8,3,15,4,0,2,9,9,6,144,9,0,9,0,0
8,3,15,5,0,2,4,9,6,145,9,-5,9,0,5
8,3,15,6,0,1,8,5,5,146,6,2,5,-1,-3
8,3,15,7,1,2,8,6,9,147,9,-1,NA,NA,NA
8,3,15,8,0,1,8,7,4,148,6,2,7,1,-1
8,3,15,9,0,2,12,9,6,149,9,3,9,0,-3
8,3,15,10,0,1,9,7,5,150,6,3,7,1,-2
8,3,16,1,0,2,8,8,5,151,9,-1,8,-1,0
8,3,16,2,1,1,9,11,8,152,6,3,NA,NA,NA
8,3,16,3,0,2,8,8,5,153,9,-1,8,-1,0
8,3,16,4,0,1,7,7,5,154,6,1,7,1,0
8,3,16,5,0,2,10,9,6,155,9,1,9,0,-1
8,3,16,6,0,1,7,5,5,156,6,1,5,-1,-2
8,3,16,7,0,2,8,9,4,157,9,-1,9,0,1
8,3,16,8,0,1,4,5,5,158,6,-2,5,-1,1
8,3,16,9,0,1,8,7,5,159,6,2,7,1,-1
8,3,16,10,0,2,8,8,5,160,9,-1,8,-1,0
8,3,17,1,0,1,6,7,5,161,6,0,7,1,1
8,3,17,2,0,1,7,6,6,162,6,1,6,0,-1
8,3,17,3,1,2,8,9,8,163,9,-1,NA,NA,NA
8,3,17,4,0,2,10,9,5,164,9,1,9,0,-1
8,3,17,5,0,2,11,8,6,165,9,2,8,-1,-3
8,3,17,6,0,1,8,5,5,166,6,2,5,-1,-3
8,3,17,7,0,1,8,6,5,167,6,2,6,0,-2
8,3,17,8,0,1,8,7,5,168,6,2,7,1,-1
8,3,17,9,0,2,9,9,4,169,9,0,9,0,0
8,3,17,10,0,2,10,9,5,170,9,1,9,0,-1
8,3,18,1,0,2,8,9,5,171,9,-1,9,0,1
8,3,18,2,0,2,7,10,6,172,9,-2,10,1,3
8,3,18,3,0,1,11,7,5,173,6,5,7,1,-4
8,3,18,4,0,1,7,7,4,174,6,1,7,1,0
8,3,18,5,1,1,6,4,4,175,6,0,NA,NA,NA
8,3,18,6,0,1,6,6,5,176,6,0,6,0,0
8,3,18,7,0,2,9,8,5,177,9,0,8,-1,-1
8,3,18,8,0,2,8,9,6,178,9,-1,9,0,1
8,3,18,9,0,2,10,9,5,179,9,1,9,0,-1
8,3,18,10,0,1,5,6,5,180,6,-1,6,0,1
9,1,1,1,0,1,10,6,0,1,6,4,6,0,-4
9,1,1,2,0,1,7,6,1,2,6,1,6,0,-1
9,1,1,3,0,2,10,9,1,3,9,1,9,0,-1
9,1,1,4,0,1,7,6,2,4,6,1,6,0,-1
9,1,1,5,0,2,7,9,3,5,9,-2,9,0,2
9,1,1,6,0,1,10,6,3,6,6,4,6,0,-4
9,1,1,7,0,1,7,6,4,7,6,1,6,0,-1
9,1,1,8,1,2,8,3,5,8,9,-1,NA,NA,NA
9,1,1,9,0,2,10,8,4,9,9,1,8,-1,-2
9,1,1,10,0,2,10,10,5,10,9,1,10,1,0
9,1,2,1,0,1,3,5,4,11,6,-3,5,-1,2
9,1,2,2,0,2,10,9,5,12,9,1,9,0,-1
9,1,2,3,0,1,6,6,5,13,6,0,6,0,0
9,1,2,4,0,2,10,9,6,14,9,1,9,0,-1
9,1,2,5,0,1,6,6,6,15,6,0,6,0,0
9,1,2,6,0,2,7,9,7,16,9,-2,9,0,2
9,1,2,7,0,2,7,9,6,17,9,-2,9,0,2
9,1,2,8,0,1,10,6,7,18,6,4,6,0,-4
9,1,2,9,0,2,6,9,5,19,9,-3,9,0,3
9,1,2,10,1,1,9,2,9,20,6,3,NA,NA,NA
9,1,3,1,0,1,7,5,3,21,6,1,5,-1,-2
9,1,3,2,0,1,0,6,4,22,6,-6,6,0,6
9,1,3,3,0,2,9,10,5,23,9,0,10,1,1
9,1,3,4,0,2,3,9,5,24,9,-6,9,0,6
9,1,3,5,0,2,1,9,6,25,9,-8,9,0,8
9,1,3,6,0,1,3,6,6,26,6,-3,6,0,3
9,1,3,7,1,2,6,3,3,27,9,-3,NA,NA,NA
9,1,3,8,0,1,0,7,5,28,6,-6,7,1,7
9,1,3,9,0,2,0,9,6,29,9,-9,9,0,9
9,1,3,10,0,1,0,7,4,30,6,-6,7,1,7
9,1,4,1,0,2,10,9,5,31,9,1,9,0,-1
9,1,4,2,1,1,10,3,7,32,6,4,NA,NA,NA
9,1,4,3,0,2,8,9,6,33,9,-1,9,0,1
9,1,4,4,0,1,7,5,4,34,6,1,5,-1,-2
9,1,4,5,0,2,8,9,6,35,9,-1,9,0,1
9,1,4,6,0,1,10,6,6,36,6,4,6,0,-4
9,1,4,7,0,2,11,10,6,37,9,2,10,1,-1
9,1,4,8,0,1,7,6,5,38,6,1,6,0,-1
9,1,4,9,0,1,8,7,6,39,6,2,7,1,-1
9,1,4,10,0,2,12,10,7,40,9,3,10,1,-2
9,1,5,1,0,1,6,7,4,41,6,0,7,1,1
9,1,5,2,0,1,7,6,5,42,6,1,6,0,-1
9,1,5,3,1,2,4,10,6,43,9,-5,NA,NA,NA
9,1,5,4,0,2,10,9,5,44,9,1,9,0,-1
9,1,5,5,0,2,7,9,6,45,9,-2,9,0,2
9,1,5,6,0,1,1,6,4,46,6,-5,6,0,5
9,1,5,7,0,1,4,6,6,47,6,-2,6,0,2
9,1,5,8,0,1,10,7,6,48,6,4,7,1,-3
9,1,5,9,0,2,10,10,6,49,9,1,10,1,0
9,1,5,10,0,2,6,9,6,50,9,-3,9,0,3
9,2,7,1,0,1,4,6,2,51,6,-2,6,0,2
9,2,7,2,0,1,8,5,3,52,6,2,5,-1,-3
9,2,7,3,0,2,10,8,2,53,9,1,8,-1,-2
9,2,7,4,0,1,12,6,5,54,6,6,6,0,-6
9,2,7,5,0,2,6,10,5,55,9,-3,10,1,4
9,2,7,6,0,1,10,5,5,56,6,4,5,-1,-5
9,2,7,7,0,1,1,6,4,57,6,-5,6,0,5
9,2,7,8,1,2,5,8,8,58,9,-4,NA,NA,NA
9,2,7,9,0,2,8,9,6,59,9,-1,9,0,1
9,2,7,10,0,2,12,9,6,60,9,3,9,0,-3
9,2,8,1,0,1,7,7,4,61,6,1,7,1,0
9,2,8,2,0,2,10,9,6,62,9,1,9,0,-1
9,2,8,3,0,1,8,6,4,63,6,2,6,0,-2
9,2,8,4,0,2,12,9,6,64,9,3,9,0,-3
9,2,8,5,0,1,2,5,3,65,6,-4,5,-1,3
9,2,8,6,0,2,11,9,7,66,9,2,9,0,-2
9,2,8,7,0,2,4,9,7,67,9,-5,9,0,5
9,2,8,8,0,1,7,6,4,68,6,1,6,0,-1
9,2,8,9,0,2,10,9,5,69,9,1,9,0,-1
9,2,8,10,1,1,6,4,4,70,6,0,NA,NA,NA
9,2,9,1,0,1,10,6,6,71,6,4,6,0,-4
9,2,9,2,0,1,1,6,6,72,6,-5,6,0,5
9,2,9,3,0,2,8,9,7,73,9,-1,9,0,1
9,2,9,4,0,2,7,9,7,74,9,-2,9,0,2
9,2,9,5,0,2,10,9,6,75,9,1,9,0,-1
9,2,9,6,0,1,7,6,4,76,6,1,6,0,-1
9,2,9,7,1,2,6,1,7,77,9,-3,NA,NA,NA
9,2,9,8,0,1,8,6,5,78,6,2,6,0,-2
9,2,9,9,0,2,5,9,7,79,9,-4,9,0,4
9,2,9,10,0,1,12,7,6,80,6,6,7,1,-5
9,2,10,1,0,2,8,9,6,81,9,-1,9,0,1
9,2,10,2,1,1,6,1,7,82,6,0,NA,NA,NA
9,2,10,3,0,2,8,9,7,83,9,-1,9,0,1
9,2,10,4,0,1,1,7,6,84,6,-5,7,1,6
9,2,10,5,0,2,5,9,5,85,9,-4,9,0,4
9,2,10,6,0,1,11,5,4,86,6,5,5,-1,-6
9,2,10,7,0,2,2,9,7,87,9,-7,9,0,7
9,2,10,8,0,1,8,6,6,88,6,2,6,0,-2
9,2,10,9,0,1,12,6,5,89,6,6,6,0,-6
9,2,10,10,0,2,2,10,6,90,9,-7,10,1,8
9,2,11,1,0,1,7,7,4,91,6,1,7,1,0
9,2,11,2,0,1,7,5,5,92,6,1,5,-1,-2
9,2,11,3,1,2,6,3,5,93,9,-3,NA,NA,NA
9,2,11,4,0,2,6,9,6,94,9,-3,9,0,3
9,2,11,5,0,2,7,9,6,95,9,-2,9,0,2
9,2,11,6,0,1,7,6,6,96,6,1,6,0,-1
9,2,11,7,0,1,8,6,5,97,6,2,6,0,-2
9,2,11,8,0,1,4,6,7,98,6,-2,6,0,2
9,2,11,9,0,2,12,9,7,99,9,3,9,0,-3
9,2,11,10,0,2,7,9,7,100,9,-2,9,0,2
9,2,12,1,0,2,10,10,6,101,9,1,10,1,0
9,2,12,2,0,2,7,9,6,102,9,-2,9,0,2
9,2,12,3,0,1,7,6,7,103,6,1,6,0,-1
9,2,12,4,0,1,7,6,7,104,6,1,6,0,-1
9,2,12,5,1,1,8,9,5,105,6,2,NA,NA,NA
9,2,12,6,0,1,11,6,7,106,6,5,6,0,-5
9,2,12,7,0,2,1,9,7,107,9,-8,9,0,8
9,2,12,8,0,2,7,9,6,108,9,-2,9,0,2
9,2,12,9,0,2,5,9,5,109,9,-4,9,0,4
9,2,12,10,0,1,0,6,7,110,6,-6,6,0,6
9,3,13,1,0,1,8,6,6,111,6,2,6,0,-2
9,3,13,2,0,1,8,5,5,112,6,2,5,-1,-3
9,3,13,3,0,2,7,8,7,113,9,-2,8,-1,1
9,3,13,4,0,1,10,3,3,114,6,4,3,-3,-7
9,3,13,5,0,2,8,9,2,115,9,-1,9,0,1
9,3,13,6,0,1,7,4,4,116,6,1,4,-2,-3
9,3,13,7,0,1,9,6,6,117,6,3,6,0,-3
9,3,13,8,1,2,5,4,7,118,9,-4,NA,NA,NA
9,3,13,9,0,2,9,9,7,119,9,0,9,0,0
9,3,13,10,0,2,8,9,6,120,9,-1,9,0,1
9,3,14,1,0,1,9,7,3,121,6,3,7,1,-2
9,3,14,2,0,2,10,8,6,122,9,1,8,-1,-2
9,3,14,3,0,1,7,7,4,123,6,1,7,1,0
9,3,14,4,0,2,8,9,3,124,9,-1,9,0,1
9,3,14,5,0,1,7,6,5,125,6,1,6,0,-1
9,3,14,6,0,2,6,9,4,126,9,-3,9,0,3
9,3,14,7,0,2,8,8,5,127,9,-1,8,-1,0
9,3,14,8,0,1,6,6,4,128,6,0,6,0,0
9,3,14,9,0,2,6,8,5,129,9,-3,8,-1,2
9,3,14,10,1,1,8,10,3,130,6,2,NA,NA,NA
9,3,15,1,0,1,6,7,3,131,6,0,7,1,1
9,3,15,2,0,1,5,7,4,132,6,-1,7,1,2
9,3,15,3,0,2,8,9,3,133,9,-1,9,0,1
9,3,15,4,0,2,6,9,6,134,9,-3,9,0,3
9,3,15,5,0,2,7,9,5,135,9,-2,9,0,2
9,3,15,6,0,1,5,6,6,136,6,-1,6,0,1
9,3,15,7,1,2,7,1,1,137,9,-2,NA,NA,NA
9,3,15,8,0,1,6,6,6,138,6,0,6,0,0
9,3,15,9,0,2,8,9,5,139,9,-1,9,0,1
9,3,15,10,0,1,5,6,7,140,6,-1,6,0,1
9,3,16,1,0,2,6,9,7,141,9,-3,9,0,3
9,3,16,2,1,1,7,3,4,142,6,1,NA,NA,NA
9,3,16,3,0,2,9,9,7,143,9,0,9,0,0
9,3,16,4,0,1,8,7,6,144,6,2,7,1,-1
9,3,16,5,0,2,7,9,7,145,9,-2,9,0,2
9,3,16,6,0,1,4,6,7,146,6,-2,6,0,2
9,3,16,7,0,2,8,9,5,147,9,-1,9,0,1
9,3,16,8,0,1,6,7,5,148,6,0,7,1,1
9,3,16,9,0,1,7,6,6,149,6,1,6,0,-1
9,3,16,10,0,2,6,9,7,150,9,-3,9,0,3
9,3,17,1,0,1,8,5,5,151,6,2,5,-1,-3
9,3,17,2,0,1,7,6,6,152,6,1,6,0,-1
9,3,17,3,1,2,8,6,5,153,9,-1,NA,NA,NA
9,3,17,4,0,2,8,9,7,154,9,-1,9,0,1
9,3,17,5,0,2,0,9,7,155,9,-9,9,0,9
9,3,17,6,0,1,5,5,5,156,6,-1,5,-1,0
9,3,17,7,0,1,3,7,6,157,6,-3,7,1,4
9,3,17,8,0,1,6,5,5,158,6,0,5,-1,-1
9,3,17,9,0,2,9,7,4,159,9,0,7,-2,-2
9,3,17,10,0,2,7,9,5,160,9,-2,9,0,2
9,3,18,1,0,2,10,9,6,161,9,1,9,0,-1
9,3,18,2,0,2,8,9,7,162,9,-1,9,0,1
9,3,18,3,0,1,5,5,6,163,6,-1,5,-1,0
9,3,18,4,0,1,7,6,6,164,6,1,6,0,-1
9,3,18,5,1,1,4,2,4,165,6,-2,NA,NA,NA
9,3,18,6,0,1,9,6,6,166,6,3,6,0,-3
9,3,18,7,0,2,7,8,7,167,9,-2,8,-1,1
9,3,18,8,0,2,7,9,7,168,9,-2,9,0,2
9,3,18,9,0,2,6,8,7,169,9,-3,8,-1,2
9,3,18,10,0,1,5,6,6,170,6,-1,6,0,1
11,1,1,1,0,1,10,6,4,1,6,4,6,0,-4
11,1,1,2,0,1,10,6,4,2,6,4,6,0,-4
11,1,1,3,0,2,9,9,5,3,9,0,9,0,0
11,1,1,4,0,1,7,6,5,4,6,1,6,0,-1
11,1,1,5,0,2,12,9,5,5,9,3,9,0,-3
11,1,1,6,0,1,12,6,6,6,6,6,6,0,-6
11,1,1,7,0,1,10,6,4,7,6,4,6,0,-4
11,1,1,8,1,2,12,7,7,8,9,3,NA,NA,NA
11,1,1,9,0,2,12,9,4,9,9,3,9,0,-3
11,1,1,10,0,2,7,8,2,10,9,-2,8,-1,1
11,1,2,1,0,1,10,6,4,11,6,4,6,0,-4
11,1,2,2,0,2,10,10,2,12,9,1,10,1,0
11,1,2,3,0,1,8,6,4,13,6,2,6,0,-2
11,1,2,4,0,2,10,9,4,14,9,1,9,0,-1
11,1,2,5,0,1,8,7,3,15,6,2,7,1,-1
11,1,2,6,0,2,8,9,3,16,9,-1,9,0,1
11,1,2,7,0,2,11,9,4,17,9,2,9,0,-2
11,1,2,8,0,1,0,7,3,18,6,-6,7,1,7
11,1,2,9,0,2,9,10,4,19,9,0,10,1,1
11,1,2,10,1,1,12,7,9,20,6,6,NA,NA,NA
11,1,3,1,0,1,9,6,3,21,6,3,6,0,-3
11,1,3,2,0,1,11,7,3,22,6,5,7,1,-4
11,1,3,3,0,2,9,10,4,23,9,0,10,1,1
11,1,3,4,0,2,5,9,5,24,9,-4,9,0,4
11,1,3,5,0,2,9,8,4,25,9,0,8,-1,-1
11,1,3,6,0,1,6,8,4,26,6,0,8,2,2
11,1,3,7,1,2,12,1,8,27,9,3,NA,NA,NA
11,1,3,8,0,1,12,7,4,28,6,6,7,1,-5
11,1,3,9,0,2,12,10,5,29,9,3,10,1,-2
11,1,3,10,0,1,12,6,2,30,6,6,6,0,-6
11,1,4,1,0,2,9,10,4,31,9,0,10,1,1
11,1,4,2,1,1,8,8,7,32,6,2,NA,NA,NA
11,1,4,3,0,2,11,9,5,33,9,2,9,0,-2
11,1,4,4,0,1,6,6,5,34,6,0,6,0,0
11,1,4,5,0,2,10,9,3,35,9,1,9,0,-1
11,1,4,6,0,1,11,6,3,36,6,5,6,0,-5
11,1,4,7,0,2,12,8,3,37,9,3,8,-1,-4
11,1,4,8,0,1,12,6,2,38,6,6,6,0,-6
11,1,4,9,0,1,11,6,2,39,6,5,6,0,-5
11,1,4,10,0,2,10,8,3,40,9,1,8,-1,-2
11,1,5,1,0,1,6,6,4,41,6,0,6,0,0
11,1,5,2,0,1,11,6,4,42,6,5,6,0,-5
11,1,5,3,1,2,10,11,9,43,9,1,NA,NA,NA
11,1,5,4,0,2,6,9,4,44,9,-3,9,0,3
11,1,5,5,0,2,12,8,3,45,9,3,8,-1,-4
11,1,5,6,0,1,10,5,3,46,6,4,5,-1,-5
11,1,5,7,0,1,11,6,4,47,6,5,6,0,-5
11,1,5,8,0,1,6,6,2,48,6,0,6,0,0
11,1,5,9,0,2,6,8,2,49,9,-3,8,-1,2
11,1,5,10,0,2,9,7,3,50,9,0,7,-2,-2
11,1,6,1,0,2,7,10,3,51,9,-2,10,1,3
11,1,6,2,0,2,10,9,3,52,9,1,9,0,-1
11,1,6,3,0,1,11,6,3,53,6,5,6,0,-5
11,1,6,4,0,1,11,6,4,54,6,5,6,0,-5
11,1,6,5,1,1,9,9,2,55,6,3,NA,NA,NA
11,1,6,6,0,1,5,7,4,56,6,-1,7,1,2
11,1,6,7,0,2,7,9,3,57,9,-2,9,0,2
11,1,6,8,0,2,12,7,4,58,9,3,7,-2,-5
11,1,6,9,0,2,4,8,3,59,9,-5,8,-1,4
11,1,6,10,0,1,11,5,3,60,6,5,5,-1,-6
11,2,7,1,0,1,8,6,3,61,6,2,6,0,-2
11,2,7,2,0,1,8,7,4,62,6,2,7,1,-1
11,2,7,3,0,2,12,10,3,63,9,3,10,1,-2
11,2,7,4,0,1,11,8,3,64,6,5,8,2,-3
11,2,7,5,0,2,8,9,3,65,9,-1,9,0,1
11,2,7,6,0,1,12,6,3,66,6,6,6,0,-6
11,2,7,7,0,1,10,7,3,67,6,4,7,1,-3
11,2,7,8,1,2,12,7,9,68,9,3,NA,NA,NA
11,2,7,9,0,2,3,10,3,69,9,-6,10,1,7
11,2,7,10,0,2,12,8,3,70,9,3,8,-1,-4
11,2,8,1,0,1,12,10,2,71,6,6,10,4,-2
11,2,8,2,0,2,12,10,3,72,9,3,10,1,-2
11,2,8,3,0,1,12,6,4,73,6,6,6,0,-6
11,2,8,4,0,2,10,10,3,74,9,1,10,1,0
11,2,8,5,0,1,8,7,2,75,6,2,7,1,-1
11,2,8,6,0,2,12,9,4,76,9,3,9,0,-3
11,2,8,7,0,2,10,9,3,77,9,1,9,0,-1
11,2,8,8,0,1,7,6,3,78,6,1,6,0,-1
11,2,8,9,0,2,9,9,3,79,9,0,9,0,0
11,2,8,10,1,1,10,4,2,80,6,4,NA,NA,NA
11,2,9,1,0,1,12,6,3,81,6,6,6,0,-6
11,2,9,2,0,1,7,7,2,82,6,1,7,1,0
11,2,9,3,0,2,3,9,3,83,9,-6,9,0,6
11,2,9,4,0,2,9,8,2,84,9,0,8,-1,-1
11,2,9,5,0,2,11,8,3,85,9,2,8,-1,-3
11,2,9,6,0,1,7,5,2,86,6,1,5,-1,-2
11,2,9,7,1,2,12,6,4,87,9,3,NA,NA,NA
11,2,9,8,0,1,8,6,3,88,6,2,6,0,-2
11,2,9,9,0,2,6,8,2,89,9,-3,8,-1,2
11,2,9,10,0,1,9,6,3,90,6,3,6,0,-3
11,2,10,1,0,2,12,9,3,91,9,3,9,0,-3
11,2,10,2,1,1,11,9,4,92,6,5,NA,NA,NA
11,2,10,3,0,2,6,9,3,93,9,-3,9,0,3
11,2,10,4,0,1,7,6,3,94,6,1,6,0,-1
11,2,10,5,0,2,6,8,3,95,9,-3,8,-1,2
11,2,10,6,0,1,12,6,4,96,6,6,6,0,-6
11,2,10,7,0,2,7,8,2,97,9,-2,8,-1,1
11,2,10,8,0,1,6,6,3,98,6,0,6,0,0
11,2,10,9,0,1,3,6,4,99,6,-3,6,0,3
11,2,10,10,0,2,5,8,2,100,9,-4,8,-1,3
11,2,11,1,0,1,12,6,3,101,6,6,6,0,-6
11,2,11,2,0,1,2,7,3,102,6,-4,7,1,5
11,2,11,3,1,2,9,6,8,103,9,0,NA,NA,NA
11,2,11,4,0,2,8,9,4,104,9,-1,9,0,1
11,2,11,5,0,2,0,9,4,105,9,-9,9,0,9
11,2,11,6,0,1,6,7,3,106,6,0,7,1,1
11,2,11,7,0,1,8,6,3,107,6,2,6,0,-2
11,2,11,8,0,1,6,6,3,108,6,0,6,0,0
11,2,11,9,0,2,7,10,3,109,9,-2,10,1,3
11,2,11,10,0,2,2,8,3,110,9,-7,8,-1,6
11,2,12,1,0,2,2,9,3,111,9,-7,9,0,7
11,2,12,2,0,2,8,8,2,112,9,-1,8,-1,0
11,2,12,3,0,1,6,5,2,113,6,0,5,-1,-1
11,2,12,4,0,1,3,6,2,114,6,-3,6,0,3
11,2,12,5,1,1,11,6,3,115,6,5,NA,NA,NA
11,2,12,6,0,1,1,5,2,116,6,-5,5,-1,4
11,2,12,7,0,2,8,8,1,117,9,-1,8,-1,0
11,2,12,8,0,2,9,9,2,118,9,0,9,0,0
11,2,12,9,0,2,9,9,3,119,9,0,9,0,0
11,2,12,10,0,1,12,6,2,120,6,6,6,0,-6
11,3,13,1,0,1,7,6,4,121,6,1,6,0,-1
11,3,13,2,0,1,4,6,4,122,6,-2,6,0,2
11,3,13,3,0,2,2,9,4,123,9,-7,9,0,7
11,3,13,4,0,1,5,6,3,124,6,-1,6,0,1
11,3,13,5,0,2,7,9,3,125,9,-2,9,0,2
11,3,13,6,0,1,7,6,4,126,6,1,6,0,-1
11,3,13,7,0,1,3,6,4,127,6,-3,6,0,3
11,3,13,8,1,2,1,10,3,128,9,-8,NA,NA,NA
11,3,13,9,0,2,3,9,2,129,9,-6,9,0,6
11,3,13,10,0,2,5,9,3,130,9,-4,9,0,4
11,3,14,1,0,1,8,6,4,131,6,2,6,0,-2
11,3,14,2,0,2,6,9,3,132,9,-3,9,0,3
11,3,14,3,0,1,8,6,4,133,6,2,6,0,-2
11,3,14,4,0,2,3,9,2,134,9,-6,9,0,6
11,3,14,5,0,1,4,6,4,135,6,-2,6,0,2
11,3,14,6,0,2,0,9,2,136,9,-9,9,0,9
11,3,14,7,0,2,3,8,0,137,9,-6,8,-1,5
11,3,14,8,0,1,0,6,3,138,6,-6,6,0,6
11,3,14,9,0,2,0,8,0,139,9,-9,8,-1,8
11,3,14,10,1,1,0,2,7,140,6,-6,NA,NA,NA
11,3,15,1,0,1,4,5,2,141,6,-2,5,-1,1
11,3,15,2,0,1,3,5,2,142,6,-3,5,-1,2
11,3,15,3,0,2,4,9,2,143,9,-5,9,0,5
11,3,15,4,0,2,3,8,2,144,9,-6,8,-1,5
11,3,15,5,0,2,5,8,2,145,9,-4,8,-1,3
11,3,15,6,0,1,10,6,2,146,6,4,6,0,-4
11,3,15,7,1,2,8,11,7,147,9,-1,NA,NA,NA
11,3,15,8,0,1,8,7,3,148,6,2,7,1,-1
11,3,15,9,0,2,8,9,3,149,9,-1,9,0,1
11,3,15,10,0,1,7,6,4,150,6,1,6,0,-1
11,3,16,1,0,2,7,8,3,151,9,-2,8,-1,1
11,3,16,2,1,1,9,8,9,152,6,3,NA,NA,NA
11,3,16,3,0,2,5,9,3,153,9,-4,9,0,4
11,3,16,4,0,1,6,6,4,154,6,0,6,0,0
11,3,16,5,0,2,7,9,3,155,9,-2,9,0,2
11,3,16,6,0,1,10,6,4,156,6,4,6,0,-4
11,3,16,7,0,2,4,8,2,157,9,-5,8,-1,4
11,3,16,8,0,1,5,7,3,158,6,-1,7,1,2
11,3,16,9,0,1,7,6,4,159,6,1,6,0,-1
11,3,16,10,0,2,5,8,3,160,9,-4,8,-1,3
11,3,17,1,0,1,10,6,3,161,6,4,6,0,-4
11,3,17,2,0,1,7,6,3,162,6,1,6,0,-1
11,3,17,3,1,2,1,1,7,163,9,-8,NA,NA,NA
11,3,17,4,0,2,5,8,3,164,9,-4,8,-1,3
11,3,17,5,0,2,5,8,3,165,9,-4,8,-1,3
11,3,17,6,0,1,5,6,4,166,6,-1,6,0,1
11,3,17,7,0,1,4,6,4,167,6,-2,6,0,2
11,3,17,8,0,1,8,6,3,168,6,2,6,0,-2
11,3,17,9,0,2,5,8,2,169,9,-4,8,-1,3
11,3,17,10,0,2,8,8,4,170,9,-1,8,-1,0
11,3,18,1,0,2,5,8,3,171,9,-4,8,-1,3
11,3,18,2,0,2,3,8,3,172,9,-6,8,-1,5
11,3,18,3,0,1,8,7,3,173,6,2,7,1,-1
11,3,18,4,0,1,8,7,4,174,6,2,7,1,-1
11,3,18,5,1,1,7,5,3,175,6,1,NA,NA,NA
11,3,18,6,0,1,4,6,4,176,6,-2,6,0,2
11,3,18,7,0,2,7,8,3,177,9,-2,8,-1,1
11,3,18,8,0,2,8,8,4,178,9,-1,8,-1,0
11,3,18,9,0,2,6,9,4,179,9,-3,9,0,3
11,3,18,10,0,1,5,7,3,180,6,-1,7,1,2
